fips,CENTLAT,CENTLON,patient_count,top_race,top_ethnicity,population_value,heat_weight
201770037011,38.9875577,-95.7043066,2976,White,Not Hispanic or Latino,2837.0,7.998671361015776
201490001024,39.2096189,-96.5004121,2590,Unknown,Unknown,3828.0,7.85979918056211
201770037022,38.9379202,-95.7038403,2545,White,Not Hispanic or Latino,2931.0,7.842278779117352
201770036072,39.0462056,-95.7979473,2544,White,Not Hispanic or Latino,2083.0,7.841885928984623
201770036042,38.9930338,-95.7889505,2519,White,Not Hispanic or Latino,2999.0,7.832014180505469
201770036071,39.0215188,-95.7894895,2496,White,Not Hispanic or Latino,2576.0,7.822845290279774
201770036051,39.0042367,-95.7705414,2426,White,Not Hispanic or Latino,2733.0,7.794411205726601
200610006012,39.0748904,-96.8459414,2251,Unknown,Unknown,4532.0,7.719573989259581
201770039012,39.0227958,-95.5999656,2240,White,Not Hispanic or Latino,2610.0,7.714677473800927
201770039021,38.947759,-95.5652095,2218,White,Not Hispanic or Latino,2713.0,7.704811922932594
201770033022,39.1394057,-95.6257407,2138,White,Not Hispanic or Latino,2673.0,7.668093709082406
201770034011,39.1204235,-95.6825777,2067,White,Not Hispanic or Latino,2681.0,7.63433723562832
201770030022,38.9927112,-95.6602434,2064,White,Not Hispanic or Latino,2475.0,7.632885505395133
201770034022,39.1825993,-95.6928467,2043,White,Not Hispanic or Latino,2590.0,7.622663951323595
201770031004,39.0262727,-95.6391517,2037,White,Not Hispanic or Latino,2192.0,7.61972421378267
201610006023,39.1813035,-96.6287637,1940,Unknown,Unknown,3254.0,7.57095858316901
201770034012,39.1127391,-95.7157526,1908,White,Not Hispanic or Latino,2381.0,7.554334823725748
201770036073,39.0290514,-95.8206074,1830,White,Not Hispanic or Latino,2155.0,7.5126175446745105
201770036052,38.9720647,-95.7554262,1829,White,Not Hispanic or Latino,2028.0,7.512071245835466
201770034021,39.149584,-95.7169702,1828,White,Not Hispanic or Latino,2229.0,7.511524648390866
201770039014,39.007815,-95.6049433,1814,White,Not Hispanic or Latino,2055.0,7.503840746698951
201770035001,39.1434022,-95.7893121,1768,White,Not Hispanic or Latino,2268.0,7.478169694159785
201770036012,38.915741,-95.8588564,1721,White,Not Hispanic or Latino,2105.0,7.451241684987676
201770030021,39.0065661,-95.6406468,1672,White,Not Hispanic or Latino,1986.0,7.422373700986824
201110002021,38.4244048,-96.2210236,1660,White,Not Hispanic or Latino,2425.0,7.415175109613295
201770031001,39.0384255,-95.6254167,1644,White,Not Hispanic or Latino,1989.0,7.405495663199472
201770033012,39.1096939,-95.6324669,1620,White,Not Hispanic or Latino,1941.0,7.390798521735676
201770026022,39.0073533,-95.748265,1573,White,Not Hispanic or Latino,1887.0,7.3613754289773485
201770026021,39.0075027,-95.7573209,1549,White,Not Hispanic or Latino,1812.0,7.346010209913293
200850828002,39.3132369,-95.8846578,1512,White,Not Hispanic or Latino,2467.0,7.321849713788356
201770013002,39.0234331,-95.6607536,1478,White,Not Hispanic or Latino,1687.0,7.2991214627108
201770027022,39.0061053,-95.7375037,1473,White,Not Hispanic or Latino,1931.0,7.295735072749282
201770030011,39.0119382,-95.6580681,1465,White,Not Hispanic or Latino,1683.0,7.290292882446597
201770039022,38.8992093,-95.6528298,1438,White,Not Hispanic or Latino,1781.0,7.271703706887368
201770030012,39.003586,-95.6633498,1432,White,Not Hispanic or Latino,1693.0,7.267525427828172
201390104002,38.6224099,-95.8293337,1425,White,Not Hispanic or Latino,1669.0,7.262628600974241
201770036061,39.0250475,-95.7712831,1408,White,Not Hispanic or Latino,1716.0,7.25063551189868
201770007002,39.0855229,-95.70125,1379,White,Not Hispanic or Latino,1677.0,7.22983877815125
201490001021,39.1959926,-96.4113747,1358,White,Not Hispanic or Latino,2238.0,7.214504414151143
201610002021,39.2025771,-96.56194,1338,Unknown,Unknown,1767.0,7.199678345691172
201770012002,39.0336157,-95.6625443,1323,White,Not Hispanic or Latino,1488.0,7.188412736496954
201610002012,39.2269504,-96.5660018,1295,Unknown,Unknown,2119.0,7.16703787691222
200870201014,39.1945906,-95.5101885,1279,White,Not Hispanic or Latino,1629.0,7.154615356913663
201490002001,39.2186412,-96.3422704,1274,White,Not Hispanic or Latino,1940.0,7.150701457592526
201770016031,39.012898,-95.7201908,1270,White,Not Hispanic or Latino,1448.0,7.147559271189454
200610008022,38.9423135,-96.8949168,1263,White,Not Hispanic or Latino,2648.0,7.142036574706803
200870201012,39.1063219,-95.5112134,1258,White,Not Hispanic or Latino,1808.0,7.138073034044347
201770024021,39.0473188,-95.7524318,1250,White,Not Hispanic or Latino,1516.0,7.1316985104669115
201770039013,39.0191657,-95.5436009,1242,White,Not Hispanic or Latino,1657.0,7.1252830915107115
201770016032,39.0084749,-95.7227579,1234,White,Not Hispanic or Latino,1423.0,7.118826249062078
201610006022,39.1678893,-96.6262631,1220,Unknown,Unknown,2060.0,7.107425474110705
201610002024,39.2161052,-96.5680968,1218,Unknown,Unknown,1618.0,7.105786129481271
201610002023,39.2107115,-96.5652205,1216,Unknown,Unknown,1807.0,7.104144092987527
201610009003,39.1579052,-96.6102834,1214,Unknown,Unknown,1676.0,7.102499355774649
200850826001,39.3064283,-95.6554819,1201,White,Not Hispanic or Latino,1757.0,7.091742115095153
201110008003,38.386227,-96.0515745,1198,White,Not Hispanic or Latino,1624.0,7.089243155027514
201390104001,38.6434192,-95.8210285,1163,White,Not Hispanic or Latino,1301.0,7.059617628291383
201770026013,39.0228856,-95.7476092,1158,White,Not Hispanic or Latino,1314.0,7.055312843339752
201770031003,39.0208219,-95.6237041,1156,White,Not Hispanic or Latino,1235.0,7.053585727193677
201770031002,39.0389865,-95.6449245,1153,Black or African American,Not Hispanic or Latino,1210.0,7.050989447068045
201390105001,38.693124,-95.6180135,1149,White,Not Hispanic or Latino,1741.0,7.047517221357296
201770027014,39.014802,-95.7341278,1148,White,Not Hispanic or Latino,1431.0,7.046647277848756
201770016011,39.0264012,-95.7045052,1148,White,Not Hispanic or Latino,1494.0,7.046647277848756
201110002012,38.426577,-96.2016818,1143,White,Not Hispanic or Latino,1372.0,7.042286171939743
201770016043,39.0119307,-95.7047139,1143,White,Not Hispanic or Latino,1373.0,7.042286171939743
201770009003,39.0766381,-95.640242,1140,White,Not Hispanic or Latino,1463.0,7.039660349862076
201610002022,39.2047219,-96.5394731,1134,Unknown,Unknown,1622.0,7.034387929915503
201770016041,39.0046108,-95.7096998,1126,White,Not Hispanic or Latino,1384.0,7.027314514039777
201610013012,39.2129436,-96.6263205,1117,Unknown,Unknown,1874.0,7.0192966537150445
201770026011,39.0403281,-95.7512458,1111,White,Not Hispanic or Latino,1447.0,7.013915474810528
201770036011,39.0262894,-95.8943987,1106,White,Not Hispanic or Latino,1407.0,7.009408932708637
201770037012,38.9968356,-95.7214356,1100,White,Not Hispanic or Latino,1430.0,7.00397413672268
201770035004,39.1618681,-95.9026932,1090,White,Not Hispanic or Latino,1632.0,6.994849985833071
201770004004,39.0333113,-95.6898826,1087,White,Not Hispanic or Latino,1272.0,6.992096427415888
201770024011,39.0583708,-95.7331359,1079,White,Not Hispanic or Latino,1370.0,6.984716320118266
201110005004,38.3858892,-96.1732299,1066,White,Not Hispanic or Latino,1564.0,6.9726062513017535
200870201022,39.2140249,-95.4132657,1065,White,Not Hispanic or Latino,1671.0,6.97166860472579
201770036063,39.0179276,-95.7648125,1054,White,Not Hispanic or Latino,1240.0,6.961296045910167
201770036013,38.9199198,-95.8307305,1053,White,Not Hispanic or Latino,1477.0,6.960347729101308
201770026024,39.0295821,-95.7582739,1050,White,Not Hispanic or Latino,1418.0,6.957497370876951
201490002004,39.1844341,-96.3491922,1042,White,Not Hispanic or Latino,1700.0,6.949856455000773
200870201013,39.2685428,-95.5203286,1036,White,Not Hispanic or Latino,1431.0,6.9440872082295275
201110001031,38.4127237,-96.1514538,1035,White,Not Hispanic or Latino,1431.0,6.943122422819428
201490003002,39.2128602,-96.0670204,1023,White,Not Hispanic or Latino,2198.0,6.931471805599453
200870203001,39.2461819,-95.3142632,1016,White,Not Hispanic or Latino,1763.0,6.92461239604856
201490001022,39.2173026,-96.4311847,1016,White,Not Hispanic or Latino,1594.0,6.92461239604856
201770027021,39.0035431,-95.7240854,1014,White,Not Hispanic or Latino,1373.0,6.922643891475888
201770028001,39.010005,-95.691361,994,White,Not Hispanic or Latino,1208.0,6.902742737158593
200610004011,39.0161232,-96.8535027,994,White,Not Hispanic or Latino,1863.0,6.902742737158593
201770025003,39.0329513,-95.7388653,991,White,Not Hispanic or Latino,1269.0,6.899723107284872
201110006002,38.530551,-96.0870642,985,White,Not Hispanic or Latino,1364.0,6.893656354602635
201770026023,39.0178538,-95.7556596,983,White,Not Hispanic or Latino,1087.0,6.891625897052253
201770024012,39.0475238,-95.7339312,982,White,Not Hispanic or Latino,1179.0,6.890609120147166
201770026012,39.0329863,-95.749458,980,White,Not Hispanic or Latino,1211.0,6.8885724595653635
201770028004,39.0060814,-95.6993893,970,White,Not Hispanic or Latino,1319.0,6.878326468291325
201770035003,39.0937301,-95.8710783,966,White,Not Hispanic or Latino,1461.0,6.874198495453294
201770029003,38.9964159,-95.6795241,959,White,Not Hispanic or Latino,1116.0,6.866933284461882
201770024022,39.0537432,-95.7504618,958,White,Not Hispanic or Latino,1122.0,6.8658910748834385
201314801002,39.894862,-95.8161292,956,White,Not Hispanic or Latino,1729.0,6.863803391452954
201770030023,38.9976211,-95.6297988,953,White,Not Hispanic or Latino,1014.0,6.860663671448287
201770016012,39.0215448,-95.7123211,943,White,Not Hispanic or Latino,1123.0,6.8501261661455
201770004003,39.0398303,-95.6880986,942,White,Not Hispanic or Latino,1102.0,6.849066282633458
200850826002,39.25266,-95.6871146,941,White,Not Hispanic or Latino,1282.0,6.848005274576363
201770036041,38.9828305,-95.8140201,939,White,Not Hispanic or Latino,1111.0,6.84587987526405
201610013021,39.3357137,-96.7045077,923,White,Unknown,1593.0,6.828712071641684
200850828001,39.4863979,-95.9023644,922,White,Not Hispanic or Latino,1561.0,6.827629234502852
201770018001,39.0421778,-95.6994586,912,White,Not Hispanic or Latino,1014.0,6.816735880594968
201610006021,39.1716232,-96.6633114,908,Unknown,Unknown,1125.0,6.812345094177479
201770021004,39.0543779,-95.7066633,906,White,Not Hispanic or Latino,1295.0,6.810142450115136
201770041001,39.0645353,-95.7152487,906,White,Not Hispanic or Latino,1230.0,6.810142450115136
201314801001,39.8885081,-95.844933,903,White,Not Hispanic or Latino,1745.0,6.806829360392176
200850827001,39.4841365,-95.7261926,903,White,Not Hispanic or Latino,1476.0,6.806829360392176
201770004002,39.0396435,-95.6942506,902,White,Not Hispanic or Latino,988.0,6.805722553416985
201770019001,39.0408398,-95.7141695,899,White,Not Hispanic or Latino,1056.0,6.802394763324311
201110001013,38.408266,-96.1690286,889,White,Not Hispanic or Latino,1165.0,6.7912214627261855
201770011003,39.0469589,-95.6558191,887,Some Other Race,Hispanic or Latino,1077.0,6.78897174299217
201390103001,38.5792543,-95.8302288,885,White,Not Hispanic or Latino,1132.0,6.786716950605081
200610007002,39.0400981,-96.791039,885,White,Not Hispanic or Latino,1663.0,6.786716950605081
201610003041,39.1983557,-96.6028077,883,Unknown,Unknown,1398.0,6.784457062637643
201770007001,39.084117,-95.6713631,864,White,Not Hispanic or Latino,1080.0,6.762729506931879
201110002013,38.4141081,-96.1985626,854,White,Not Hispanic or Latino,1078.0,6.75110146893676
201770022002,39.0614383,-95.6925231,854,White,Not Hispanic or Latino,1057.0,6.75110146893676
201490001011,39.2938129,-96.2922903,852,White,Not Hispanic or Latino,1393.0,6.748759547491679
201390102002,38.7592003,-95.8333753,846,White,Not Hispanic or Latino,1109.0,6.741700694652055
201770027012,39.0254658,-95.7389772,841,White,Not Hispanic or Latino,1033.0,6.7357800142423265
201770027013,39.0208866,-95.7337106,840,White,Not Hispanic or Latino,1132.0,6.734591659972948
201770013001,39.0279563,-95.6605954,836,White,Not Hispanic or Latino,983.0,6.729824070489475
201110007002,38.3754967,-96.2808839,835,White,Not Hispanic or Latino,983.0,6.728628613084702
201770027023,38.9920418,-95.7466873,832,White,Not Hispanic or Latino,1002.0,6.725033642166843
201770011001,39.0495399,-95.6378441,831,White,Not Hispanic or Latino,1005.0,6.723832440821209
201610013022,39.3023478,-96.8263056,826,Unknown,Unknown,1449.0,6.717804695023691
201610011012,39.1998294,-96.5923475,822,Unknown,Unknown,1971.0,6.71295620067707
200610004012,39.0046516,-96.8515379,816,Unknown,Not Hispanic or Latino,1098.0,6.705639094860003
201610003043,39.1898135,-96.5968659,813,Unknown,Unknown,1925.0,6.70196036600254
200870202002,39.3605012,-95.4472177,813,White,Not Hispanic or Latino,1553.0,6.70196036600254
201770033021,39.1873368,-95.6269257,813,White,Not Hispanic or Latino,962.0,6.70196036600254
201110005003,38.3971429,-96.1808341,810,Some Other Race,Hispanic or Latino,1134.0,6.698268054115413
201110007001,38.5284526,-96.2813963,804,White,Not Hispanic or Latino,1358.0,6.690842277418564
201770029001,39.0094885,-95.6728805,799,White,Not Hispanic or Latino,824.0,6.684611727667927
201770025001,39.0402632,-95.7340407,797,White,Not Hispanic or Latino,918.0,6.682108597449809
201110003001,38.4066851,-96.1950752,796,White,Not Hispanic or Latino,1052.0,6.680854678790215
201490002003,39.2026787,-96.2735034,794,White,Not Hispanic or Latino,1199.0,6.678342114654332
201110003003,38.4092814,-96.2111118,785,White,Not Hispanic or Latino,928.0,6.666956792429207
201110002031,38.4217736,-96.2126572,785,White,Not Hispanic or Latino,934.0,6.666956792429207
200319662003,38.3695499,-95.8505645,773,White,Not Hispanic or Latino,1341.0,6.651571873589727
201390105002,38.6071569,-95.6986212,772,White,Not Hispanic or Latino,1251.0,6.650279048587422
201770010004,39.0626857,-95.6498786,771,White,Not Hispanic or Latino,1021.0,6.648984550024776
201110001012,38.4090975,-96.1766192,768,White,Not Hispanic or Latino,1228.0,6.645090969505644
201770018002,39.0338326,-95.7036224,764,White,Not Hispanic or Latino,1571.0,6.639875833826536
200610008021,39.1503984,-96.9039518,760,White,Not Hispanic or Latino,1698.0,6.634633357861686
201770041004,39.0530983,-95.720976,759,White,Not Hispanic or Latino,890.0,6.633318433280377
201110002011,38.4216542,-96.1916026,756,White,Not Hispanic or Latino,1080.0,6.6293632534374485
201770041002,39.0503525,-95.7140371,753,White,Not Hispanic or Latino,918.0,6.625392368007956
201770006001,39.062248,-95.6818943,751,White,Not Hispanic or Latino,1016.0,6.62273632394984
201770018004,39.0414117,-95.7084427,749,White,Not Hispanic or Latino,910.0,6.620073206530356
200450006033,38.9851628,-95.318131,744,White,Not Hispanic or Latino,4920.0,6.61338421837956
201314802002,39.8441854,-96.0712506,739,White,Not Hispanic or Latino,1421.0,6.606650186198215
201770016042,39.0118221,-95.7138213,732,White,Not Hispanic or Latino,782.0,6.597145701886651
200870202001,39.3366729,-95.4618709,728,White,Not Hispanic or Latino,1165.0,6.591673732008658
201770021001,39.0537689,-95.6988496,727,White,Not Hispanic or Latino,820.0,6.590301048196686
201770028002,39.003079,-95.6923031,726,White,Not Hispanic or Latino,796.0,6.588926477533519
201770027011,39.0277105,-95.7277699,722,White,Not Hispanic or Latino,920.0,6.583409222158765
201770005001,39.050903,-95.6855723,719,White,Not Hispanic or Latino,766.0,6.579251212010101
201770039011,39.040344,-95.5742289,719,White,Not Hispanic or Latino,933.0,6.579251212010101
201610011021,39.2143097,-96.6078101,719,Unknown,Unknown,1053.0,6.579251212010101
201610003042,39.198707,-96.6104411,718,Unknown,Unknown,1112.0,6.577861357721047
200610003005,39.0381568,-96.8568592,716,White,Not Hispanic or Latino,1291.0,6.57507584059962
200610008012,39.0223862,-96.8680292,715,White,Not Hispanic or Latino,1516.0,6.573680166960646
201390102003,38.7673607,-95.7702287,714,White,Not Hispanic or Latino,921.0,6.5722825426940075
201610007002,39.1835384,-96.5984269,713,Unknown,Unknown,1120.0,6.570882962339584
200610002001,39.0415364,-96.8434997,713,White,Not Hispanic or Latino,1228.0,6.570882962339584
201610011022,39.2070405,-96.6123848,710,Unknown,Unknown,1099.0,6.566672429803241
200870201011,39.1838627,-95.5709707,708,White,Not Hispanic or Latino,1149.0,6.5638555265321274
201770005003,39.050284,-95.6928849,701,White,Not Hispanic or Latino,821.0,6.553933404025811
201490001012,39.2707768,-96.4749104,696,White,Not Hispanic or Latino,1104.0,6.546785410760524
201770008004,39.0665911,-95.6638825,691,White,Not Hispanic or Latino,861.0,6.539585955617669
201770009002,39.0632495,-95.6115497,688,White,Not Hispanic or Latino,865.0,6.535241271013659
201770036064,39.0173316,-95.7701906,687,White,Not Hispanic or Latino,854.0,6.5337888379333435
201770040003,39.0381483,-95.6766629,683,White,Not Hispanic or Latino,749.0,6.52795791762255
201770008003,39.0740478,-95.6637222,682,White,Not Hispanic or Latino,857.0,6.52649485957079
201770010002,39.0606582,-95.6485617,681,White,Not Hispanic or Latino,840.0,6.525029657843462
201610009005,39.1145069,-96.6112403,680,Unknown,Unknown,972.0,6.523562306149512
201610013013,39.2126965,-96.6526796,677,Unknown,Unknown,1023.0,6.519147287940395
201390101003,38.8191529,-95.6641152,676,White,Not Hispanic or Latino,892.0,6.517671272912275
201490002002,39.2044328,-96.3092679,669,White,Not Hispanic or Latino,1152.0,6.507277712385012
201110004003,38.4104943,-96.1846958,666,White,Not Hispanic or Latino,753.0,6.502790045915623
201770037013,38.9787858,-95.678943,665,White,Not Hispanic or Latino,720.0,6.501289670540389
201770015002,39.0216388,-95.6860626,659,White,Not Hispanic or Latino,766.0,6.492239835020471
201110004004,38.4060937,-96.1854219,658,White,Not Hispanic or Latino,816.0,6.490723534502507
201770029004,39.0082132,-95.6818226,654,White,Not Hispanic or Latino,723.0,6.484635235635252
200610004013,39.0113228,-96.8479567,654,White,Not Hispanic or Latino,1239.0,6.484635235635252
201110005002,38.4025434,-96.1787579,653,Unknown,Unknown,844.0,6.483107351457199
201770004001,39.0441693,-95.6909834,653,White,Not Hispanic or Latino,676.0,6.483107351457199
201610013011,39.2067664,-96.6209441,651,Unknown,Unknown,1140.0,6.480044561926653
201390101005,38.7823545,-95.5564391,651,White,Not Hispanic or Latino,1084.0,6.480044561926653
201770008001,39.0919696,-95.6272266,651,White,Not Hispanic or Latino,866.0,6.480044561926653
201770011002,39.0505822,-95.6497852,649,Some Other Race,Not Hispanic or Latino,956.0,6.476972362889683
201770041003,39.0467536,-95.7211168,645,White,Not Hispanic or Latino,738.0,6.470799503782602
200610006022,39.0781402,-96.7988049,642,Unknown,Unknown,1709.0,6.466144724237619
200850827002,39.4483777,-95.7290336,638,White,Not Hispanic or Latino,1219.0,6.459904454377535
201610011023,39.2067621,-96.6030518,630,Unknown,Unknown,1581.0,6.447305862541213
201110008001,38.2436769,-96.2463339,627,White,Not Hispanic or Latino,1089.0,6.4425401664681985
201770008002,39.0776469,-95.6572785,623,White,Not Hispanic or Latino,756.0,6.436150368369428
201770024013,39.0599907,-95.7610051,622,White,Not Hispanic or Latino,733.0,6.434546518787453
201110003002,38.4094316,-96.198416,614,White,Not Hispanic or Latino,932.0,6.421622267806518
201490003003,39.179372,-96.0827266,614,White,Not Hispanic or Latino,1288.0,6.421622267806518
201770009001,39.0681475,-95.6338423,612,White,Not Hispanic or Latino,777.0,6.418364935936212
201770037021,38.957687,-95.674343,612,White,Not Hispanic or Latino,806.0,6.418364935936212
201770015003,39.0219623,-95.6742705,607,Black or African American,Not Hispanic or Latino,717.0,6.410174881966167
200610008011,39.0305594,-96.8800643,607,White,Not Hispanic or Latino,889.0,6.410174881966167
201770019002,39.0335489,-95.7144513,606,White,Not Hispanic or Latino,776.0,6.408528791059498
201974832002,38.9749361,-96.0737521,606,White,Not Hispanic or Latino,821.0,6.408528791059498
201770010001,39.0590659,-95.6379684,602,White,Not Hispanic or Latino,753.0,6.401917196727186
201110005001,38.3928028,-96.1563803,593,White,Not Hispanic or Latino,757.0,6.386879319362645
201390102001,38.8159022,-95.8506345,591,White,Not Hispanic or Latino,807.0,6.3835066348840055
201110003005,38.4005388,-96.1966775,591,Some Other Race,Hispanic or Latino,901.0,6.3835066348840055
200134807003,39.8526888,-95.5451198,587,White,Not Hispanic or Latino,1628.0,6.376726947898627
201770033011,39.1108278,-95.6622603,583,White,Not Hispanic or Latino,676.0,6.369900982828227
201974831002,39.1104228,-96.0696254,583,White,Not Hispanic or Latino,1036.0,6.369900982828227
201770028003,38.9983359,-95.6953741,583,White,Not Hispanic or Latino,682.0,6.369900982828227
201770013003,39.0179548,-95.6562333,582,White,Not Hispanic or Latino,779.0,6.368187186350492
201110006001,38.674686,-96.1539069,580,White,Not Hispanic or Latino,863.0,6.364750756851911
201770012001,39.0405327,-95.6587066,579,Some Other Race,Not Hispanic or Latino,738.0,6.363028103540465
200610003003,39.028955,-96.8575802,574,White,Not Hispanic or Latino,1053.0,6.354370040797351
201610002011,39.235367,-96.5990386,570,Unknown,Unknown,1069.0,6.3473892096560105
201610007001,39.1776954,-96.6024926,566,Unknown,Unknown,780.0,6.340359303727752
201490004004,39.3801097,-96.4376365,564,Unknown,Unknown,1199.0,6.336825731146441
201610005001,39.1891606,-96.5665799,564,Unknown,Unknown,1423.0,6.336825731146441
201770036062,39.0182797,-95.7774143,563,White,Not Hispanic or Latino,753.0,6.335054251498059
201770022001,39.0685805,-95.6960615,562,White,Not Hispanic or Latino,712.0,6.333279628139691
201770013004,39.0179958,-95.6655369,561,White,Not Hispanic or Latino,632.0,6.331501849893691
200610007001,38.9675475,-96.6688991,560,White,Not Hispanic or Latino,1090.0,6.329720905522696
201770022003,39.0619868,-95.6999053,559,White,Not Hispanic or Latino,762.0,6.327936783729195
201770015001,39.0259496,-95.6924754,557,White,Not Hispanic or Latino,654.0,6.324358962381311
201610013024,39.4658785,-96.8233711,551,Unknown,Unknown,1266.0,6.313548046277095
201974831004,39.1232244,-96.2807391,551,White,Not Hispanic or Latino,876.0,6.313548046277095
201490004001,39.4678031,-96.1961175,549,White,Not Hispanic or Latino,1029.0,6.309918278226516
201314802001,39.8407083,-96.0747408,549,White,Not Hispanic or Latino,1040.0,6.309918278226516
201390101002,38.8094231,-95.6920396,548,White,Not Hispanic or Latino,794.0,6.3080984415095305
201770029002,39.0029592,-95.6743613,544,White,Not Hispanic or Latino,568.0,6.300785794663244
201490004003,39.4463356,-96.5461902,544,Unknown,Unknown,1165.0,6.300785794663244
201770019004,39.0410493,-95.7207853,543,White,Not Hispanic or Latino,679.0,6.298949246855942
201974832001,38.8137637,-96.1757704,543,White,Not Hispanic or Latino,921.0,6.298949246855942
200610003004,39.0553769,-96.8565959,542,White,Not Hispanic or Latino,1059.0,6.297109319933935
201490003001,39.2951745,-96.1386727,542,White,Not Hispanic or Latino,1259.0,6.297109319933935
200274582001,39.3949149,-97.0994225,537,Unknown,Unknown,1424.0,6.2878585601617845
201390101001,38.8242551,-95.702214,534,White,Not Hispanic or Latino,709.0,6.282266746896006
200610004021,39.0227384,-96.8440362,527,White,Not Hispanic or Latino,850.0,6.269096283706261
201610010022,39.1089741,-96.8096306,527,Unknown,Unknown,4598.0,6.269096283706261
201770005002,39.0472473,-95.6872391,526,White,Not Hispanic or Latino,556.0,6.267200548541362
200134807001,39.8700847,-95.5365072,523,White,Not Hispanic or Latino,1376.0,6.261491684321042
201770019003,39.0330006,-95.7209331,521,White,Not Hispanic or Latino,638.0,6.257667587882639
200319661002,38.1931643,-95.6251873,519,White,Not Hispanic or Latino,1490.0,6.253828811575473
200319663001,38.2128822,-95.7627527,518,White,Not Hispanic or Latino,1198.0,6.251903883165888
201314802003,39.8226445,-96.0700945,518,White,Not Hispanic or Latino,1051.0,6.251903883165888
201770021003,39.0476944,-95.7072475,515,White,Not Hispanic or Latino,556.0,6.246106765481563
200870203003,39.1230653,-95.303688,513,White,Not Hispanic or Latino,1460.0,6.2422232654551655
200450006031,38.9867948,-95.2881228,510,White,Not Hispanic or Latino,3470.0,6.236369590203704
201610007003,39.175699,-96.589614,509,Unknown,Unknown,781.0,6.234410725718371
201974831005,39.020349,-96.2819943,508,White,Not Hispanic or Latino,816.0,6.2324480165505225
200134806001,39.8995608,-95.7148717,504,White,Not Hispanic or Latino,1047.0,6.22455842927536
201770040001,39.0565581,-95.6674907,499,White,Not Hispanic or Latino,596.0,6.214608098422191
201974831003,39.0554905,-96.2053037,498,White,Not Hispanic or Latino,943.0,6.212606095751519
200610001002,39.055502,-96.8099793,497,White,Not Hispanic or Latino,807.0,6.210600077024653
201770040002,39.0484562,-95.6726801,497,White,Not Hispanic or Latino,790.0,6.210600077024653
201770025002,39.0338214,-95.730361,497,White,Not Hispanic or Latino,637.0,6.210600077024653
201390101004,38.8056206,-95.5556775,492,White,Not Hispanic or Latino,740.0,6.20050917404269
200870201021,39.0935106,-95.3773221,492,White,Not Hispanic or Latino,1310.0,6.20050917404269
200410841003,38.9771447,-96.998014,489,White,Not Hispanic or Latino,1560.0,6.194405391104672
200134808003,39.6714848,-95.5107433,482,White,Not Hispanic or Latino,1094.0,6.180016653652572
200610004022,39.0176361,-96.8430269,480,White,Not Hispanic or Latino,801.0,6.175867270105761
201770018003,39.0420194,-95.7040394,480,White,Not Hispanic or Latino,583.0,6.175867270105761
201314803002,39.6602642,-96.0970721,473,White,Not Hispanic or Latino,967.0,6.161207321695077
201770021002,39.0477112,-95.7003053,472,White,Not Hispanic or Latino,529.0,6.159095388491933
201610006014,39.199816,-96.6197553,472,Unknown,Unknown,798.0,6.159095388491933
201974831001,38.9405458,-96.3984996,467,White,Not Hispanic or Latino,861.0,6.148468295917647
200610002003,39.0424327,-96.8346549,467,White,Not Hispanic or Latino,688.0,6.148468295917647
201610011011,39.2057952,-96.5847514,465,Unknown,Unknown,2300.0,6.144185634125646
201110008002,38.243328,-96.0457613,463,White,Not Hispanic or Latino,696.0,6.139884552226255
201610005004,39.1984813,-96.5692491,461,Unknown,Unknown,1168.0,6.135564891081739
201170407012,39.7120145,-96.3937407,459,White,Unknown,915.0,6.131226489483141
200850827003,39.4623781,-95.7304472,456,White,Not Hispanic or Latino,790.0,6.124683390894205
200274581003,39.2168059,-97.0092533,450,Unknown,Unknown,1162.0,6.111467339502679
201110003006,38.3863078,-96.1945916,442,Some Other Race,Hispanic or Latino,485.0,6.093569770045136
201314803001,39.6714801,-95.8885761,442,White,Not Hispanic or Latino,932.0,6.093569770045136
201770006002,39.0550187,-95.683019,441,White,Not Hispanic or Latino,565.0,6.091309882077698
201110003004,38.3998844,-96.2290944,439,Unknown,Unknown,684.0,6.0867747269123065
201279637002,38.6656791,-96.5065653,438,White,Not Hispanic or Latino,1051.0,6.0844994130751715
201610006013,39.1978484,-96.6286204,436,Unknown,Unknown,746.0,6.07993319509559
201610010023,39.1094302,-96.7732969,434,Unknown,Unknown,978.0,6.075346031088684
201770006003,39.0565194,-95.6892675,433,White,Not Hispanic or Latino,560.0,6.073044534100405
201610008015,39.181936,-96.5662209,433,Unknown,Unknown,658.0,6.073044534100405
201770035002,39.1632411,-95.9926803,433,White,Not Hispanic or Latino,842.0,6.073044534100405
201390103002,38.4918597,-95.6077024,431,White,Not Hispanic or Latino,874.0,6.068425588244111
201610008014,39.1851321,-96.5650168,429,Unknown,Unknown,826.0,6.063785208687608
200450006023,38.963238,-95.3207454,424,White,Not Hispanic or Latino,2513.0,6.052089168924417
201279636001,38.7584272,-96.5587382,421,White,Not Hispanic or Latino,1064.0,6.045005314036012
201490004002,39.4941473,-96.1781022,420,White,Not Hispanic or Latino,749.0,6.042632833682381
201610006011,39.1910562,-96.6194216,419,Unknown,Unknown,721.0,6.040254711277414
200610005003,39.0230161,-96.8352475,412,White,Not Hispanic or Latino,782.0,6.023447592961033
201610009004,39.1158134,-96.4612454,411,White,Not Hispanic or Latino,723.0,6.021023349349527
201610006012,39.1946344,-96.6189883,410,Unknown,Unknown,759.0,6.018593214496234
201610006015,39.1949131,-96.6344315,409,Unknown,Unknown,749.0,6.016157159698354
200610003001,39.0407173,-96.8517344,408,White,Not Hispanic or Latino,789.0,6.013715156042802
200610005004,39.0145231,-96.8331382,405,White,Not Hispanic or Latino,677.0,6.0063531596017325
200850826005,39.3914926,-95.6571016,405,White,Not Hispanic or Latino,700.0,6.0063531596017325
200850826003,39.5360386,-95.623821,403,White,Not Hispanic or Latino,788.0,6.0014148779611505
200274582004,39.3667333,-97.1152289,401,Unknown,Unknown,1163.0,5.996452088619021
200610003002,39.0322422,-96.8440447,400,White,Not Hispanic or Latino,760.0,5.993961427306569
201170407011,39.7043091,-96.4064802,398,White,Not Hispanic or Latino,924.0,5.988961416889864
200274581002,39.3945544,-97.1523141,397,Unknown,Unknown,1089.0,5.986452005284438
201974832003,38.8730978,-96.117531,394,White,Not Hispanic or Latino,603.0,5.978885764901122
201610008011,39.182787,-96.5807153,392,Unknown,Unknown,919.0,5.973809611869261
201170701822,39.6913689,-96.6956269,390,Unknown,Unknown,1258.0,5.968707559985366
200319662002,38.2639322,-95.8389631,390,White,Not Hispanic or Latino,819.0,5.968707559985366
200134806002,39.7372018,-95.6963842,390,White,Not Hispanic or Latino,923.0,5.968707559985366
201770010003,39.0561188,-95.6494928,387,Some Other Race,Hispanic or Latino,546.0,5.961005339623274
200610006011,39.0666527,-96.8211182,384,Unknown,Unknown,1127.0,5.953243334287785
201110004002,38.4140643,-96.1855431,379,White,Not Hispanic or Latino,716.0,5.940171252720432
200850826004,39.5772414,-95.73544,377,White,Not Hispanic or Latino,625.0,5.934894195619588
201279636003,38.7603595,-96.8104851,376,White,Not Hispanic or Latino,951.0,5.932245187448011
201770040004,39.0420342,-95.6812874,374,White,Not Hispanic or Latino,346.0,5.926926025970411
200319661001,38.390447,-95.6185089,373,White,Not Hispanic or Latino,1063.0,5.924255797414532
201110001011,38.4153396,-96.1744286,371,Unknown,Not Hispanic or Latino,1036.0,5.918893854273146
200450014002,38.9572509,-95.4272665,369,White,Not Hispanic or Latino,1504.0,5.91350300563827
200319663003,38.1712257,-95.7833118,369,White,Not Hispanic or Latino,951.0,5.91350300563827
201170901861,39.9213595,-96.3516148,368,White,Not Hispanic or Latino,1192.0,5.910796644040527
200610002002,39.0332936,-96.8350227,358,White,Not Hispanic or Latino,766.0,5.883322388488279
201610013023,39.2399827,-96.6888329,353,White,Not Hispanic or Latino,642.0,5.869296913133774
201390105003,38.5839786,-95.5883478,347,White,Not Hispanic or Latino,742.0,5.8522024797744745
200410846002,38.6718449,-96.9557569,346,White,Not Hispanic or Latino,1088.0,5.849324779946859
200739656002,37.9867233,-96.2324077,343,White,Not Hispanic or Latino,1200.0,5.840641657373398
201279636002,38.5895666,-96.6420455,343,White,Not Hispanic or Latino,906.0,5.840641657373398
200050816001,39.5586414,-95.4808124,341,White,Not Hispanic or Latino,924.0,5.834810737062605
200610005002,39.0210219,-96.8245677,341,White,Not Hispanic or Latino,661.0,5.834810737062605
200850827004,39.4646376,-95.7427543,339,White,Not Hispanic or Latino,567.0,5.8289456176102075
200450015002,39.0350952,-95.4414698,338,White,Not Hispanic or Latino,1025.0,5.82600010738045
200610001003,39.0427045,-96.8232752,337,White,Not Hispanic or Latino,524.0,5.823045895483019
201610007004,39.1827931,-96.5859837,334,Unknown,Unknown,1130.0,5.814130531825066
201610005002,39.1883601,-96.5739862,333,Unknown,Unknown,837.0,5.811140992976701
200610005001,39.0282502,-96.8352214,331,White,Not Hispanic or Latino,549.0,5.805134968916488
200274582003,39.3752858,-97.1152244,330,Unknown,Unknown,957.0,5.802118375377063
200319663002,38.1687451,-95.7445224,330,White,Not Hispanic or Latino,804.0,5.802118375377063
200610001001,39.0340837,-96.8154876,329,White,Not Hispanic or Latino,772.0,5.799092654460526
200410846001,38.6791797,-96.9392978,326,White,Not Hispanic or Latino,1068.0,5.7899601708972535
201170701821,39.6712291,-96.6756941,326,Unknown,Unknown,960.0,5.7899601708972535
201610009002,39.1358545,-96.6834292,325,Unknown,Unknown,997.0,5.786897381366708
200179606001,38.4492997,-96.4565699,325,White,Not Hispanic or Latino,789.0,5.786897381366708
200274582002,39.393851,-97.145763,320,Unknown,Unknown,941.0,5.771441123130016
200610006021,39.06208,-96.7736455,318,Unknown,Unknown,1199.0,5.765191102784844
201610008012,39.1834917,-96.5750377,311,Unknown,Unknown,749.0,5.7430031878094825
201110004001,38.4177266,-96.1855167,310,White,Not Hispanic or Latino,603.0,5.739792912179234
200450006022,38.9684608,-95.3177932,306,White,Not Hispanic or Latino,2010.0,5.726847747587197
200450006021,38.9504018,-95.3219351,305,White,Not Hispanic or Latino,1992.0,5.723585101952381
200450007973,38.9495171,-95.2988486,305,White,Not Hispanic or Latino,2255.0,5.723585101952381
201279637001,38.719041,-96.4681294,305,White,Not Hispanic or Latino,745.0,5.723585101952381
202019787003,39.6714063,-96.957021,305,Unknown,Unknown,1229.0,5.723585101952381
201610005003,39.1920729,-96.574169,305,Unknown,Unknown,849.0,5.723585101952381
202019786004,39.8170082,-97.0472148,304,Unknown,Unknown,1074.0,5.720311776607412
200450006043,38.9773791,-95.2703193,304,White,Not Hispanic or Latino,2616.0,5.720311776607412
200870202003,39.3545751,-95.2460391,304,White,Not Hispanic or Latino,1033.0,5.720311776607412
201314803003,39.7402169,-96.1739699,301,White,Not Hispanic or Latino,650.0,5.71042701737487
201170605102,39.8484931,-96.6390999,301,Unknown,Unknown,1691.0,5.71042701737487
200450007012,38.9660427,-95.2947472,300,White,Not Hispanic or Latino,2373.0,5.707110264748875
201314802004,39.9489514,-96.0637308,295,White,Not Hispanic or Latino,738.0,5.69035945432406
201610003031,39.1956301,-96.5902069,289,Unknown,Unknown,845.0,5.66988092298052
200319662001,38.1127141,-95.8589868,288,White,Not Hispanic or Latino,694.0,5.666426688112432
200410845001,38.8557945,-97.0231853,287,White,Not Hispanic or Latino,1031.0,5.662960480135946
201610008013,39.182049,-96.5716481,283,Unknown,Unknown,634.0,5.648974238161206
201610009001,39.1091305,-96.7073784,282,Unknown,Unknown,762.0,5.645446897643238
201610010021,39.0928978,-96.8113085,279,Unknown,Unknown,510.0,5.634789603169249
200179606003,38.3718649,-96.5420287,278,White,Not Hispanic or Latino,876.0,5.631211781821365
200134808002,39.7217679,-95.4922362,277,White,Not Hispanic or Latino,902.0,5.627621113690637
201279637003,38.6494149,-96.4976282,269,White,Not Hispanic or Latino,669.0,5.598421958998375
200450008021,38.9319967,-95.269927,267,White,Not Hispanic or Latino,2363.0,5.5909869805108565
200410841002,39.0865608,-97.1595655,267,White,Not Hispanic or Latino,821.0,5.5909869805108565
201610003032,39.1927265,-96.5904998,262,Unknown,Unknown,2106.0,5.572154032177765
200179606002,38.2781023,-96.6160302,261,White,Not Hispanic or Latino,907.0,5.568344503761097
200450010023,38.9368892,-95.21335,260,White,Not Hispanic or Latino,2518.0,5.564520407322694
200299771002,39.4708454,-97.5146582,257,Unknown,Unknown,1488.0,5.552959584921617
200450007031,38.967922,-95.2815937,252,White,Not Hispanic or Latino,2036.0,5.53338948872752
200410841001,38.9944509,-97.205178,250,White,Not Hispanic or Latino,1593.0,5.5254529391317835
200134806003,39.9426127,-95.5033312,243,White,Not Hispanic or Latino,816.0,5.497168225293202
200870203002,39.2416041,-95.217456,242,White,Not Hispanic or Latino,1112.0,5.493061443340548
200134807002,39.852957,-95.5358287,242,White,Not Hispanic or Latino,581.0,5.493061443340548
200450006032,38.9747272,-95.2899676,241,White,Not Hispanic or Latino,1781.0,5.488937726156687
201610010025,39.0952691,-96.8182809,235,Unknown,Unknown,368.0,5.4638318050256105
200450014001,38.8571417,-95.3164899,234,White,Not Hispanic or Latino,1872.0,5.459585514144159
200450008013,38.9355818,-95.2839908,234,White,Not Hispanic or Latino,1897.0,5.459585514144159
200134808004,39.6674554,-95.5370354,231,White,Not Hispanic or Latino,585.0,5.44673737166631
200870203004,39.1235284,-95.2179751,230,White,Not Hispanic or Latino,1284.0,5.442417710521793
201170605101,39.8333526,-96.6317214,230,Unknown,Unknown,1295.0,5.442417710521793
200450008023,38.9392448,-95.2697297,223,White,Not Hispanic or Latino,1997.0,5.4116460518550396
200450015001,39.0156015,-95.3269319,221,White,Not Hispanic or Latino,1358.0,5.402677381872279
200610008023,39.0440945,-96.9238336,220,White,Not Hispanic or Latino,411.0,5.3981627015177525
200450006041,38.9895169,-95.2710951,220,White,Not Hispanic or Latino,1642.0,5.3981627015177525
201490001023,39.1846489,-96.5045676,220,Unknown,Unknown,313.0,5.3981627015177525
202019787002,39.6902542,-97.2653807,218,Unknown,Unknown,686.0,5.389071729816501
200050816002,39.4933339,-95.4261077,215,White,Not Hispanic or Latino,773.0,5.375278407684165
200274581004,39.2288038,-97.2112742,215,Unknown,Unknown,757.0,5.375278407684165
200450014003,38.8141352,-95.4113026,211,White,Not Hispanic or Latino,1383.0,5.356586274672012
200450010021,38.944281,-95.2188075,207,White,Not Hispanic or Latino,1775.0,5.337538079701318
200050816005,39.5023425,-95.3065958,206,White,Not Hispanic or Latino,948.0,5.332718793265369
200450007011,38.962083,-95.301176,200,White,Not Hispanic or Latino,1688.0,5.303304908059076
200450002021,38.9658111,-95.2309894,200,White,Not Hispanic or Latino,2037.0,5.303304908059076
200050817011,39.5797878,-95.1733621,194,White,Not Hispanic or Latino,1823.0,5.272999558563747
200450005011,38.9835919,-95.248822,194,White,Not Hispanic or Latino,1684.0,5.272999558563747
200410844002,38.9256955,-97.2166823,191,White,Not Hispanic or Latino,1598.0,5.2574953720277815
200739656001,38.1451936,-96.1326023,186,White,Not Hispanic or Latino,775.0,5.231108616854587
200410843001,38.925264,-97.2428134,185,White,Not Hispanic or Latino,1509.0,5.225746673713202
200450007041,38.9608047,-95.2680053,184,White,Not Hispanic or Latino,2253.0,5.220355825078324
200599541011,38.632277,-95.4317393,179,White,Not Hispanic or Latino,1562.0,5.19295685089021
200450012021,38.9019687,-95.1226775,177,White,Not Hispanic or Latino,2178.0,5.181783550292085
200450010022,38.9270093,-95.1976455,176,White,Not Hispanic or Latino,1592.0,5.176149732573829
200410845003,38.9201377,-97.1217821,170,White,Not Hispanic or Latino,943.0,5.14166355650266
200450007972,38.950256,-95.2849696,170,White,Not Hispanic or Latino,1544.0,5.14166355650266
200450009042,38.9383915,-95.2516645,169,White,Not Hispanic or Latino,1776.0,5.135798437050262
200450008011,38.9316749,-95.3083033,168,White,Not Hispanic or Latino,1247.0,5.1298987149230735
200299771001,39.5978387,-97.4059077,168,Unknown,Unknown,757.0,5.1298987149230735
200450010011,38.9463994,-95.232628,165,White,Not Hispanic or Latino,1474.0,5.111987788356544
200134808001,39.8171712,-95.4196341,163,White,Not Hispanic or Latino,556.0,5.099866427824199
200450008022,38.9215429,-95.2698899,160,White,Not Hispanic or Latino,1499.0,5.081404364984463
200450002012,38.9485552,-95.1975772,159,White,Not Hispanic or Latino,1448.0,5.075173815233827
200450012011,38.8849569,-95.2004169,158,White,Not Hispanic or Latino,1787.0,5.0689042022202315
200410845002,38.6849369,-97.0427145,154,White,Not Hispanic or Latino,824.0,5.043425116919247
200450005012,38.9756862,-95.2504333,154,White,Not Hispanic or Latino,1446.0,5.043425116919247
200450009031,38.9464041,-95.2511554,152,White,Not Hispanic or Latino,1790.0,5.030437921392435
200599541013,38.6992157,-95.3825103,149,White,Not Hispanic or Latino,1424.0,5.0106352940962555
201610010027,39.0926802,-96.8005754,148,Unknown,Unknown,493.0,5.003946305945459
200450012023,38.9377445,-95.0874741,148,White,Not Hispanic or Latino,1956.0,5.003946305945459
200299773003,39.5634418,-97.6731628,146,Unknown,Unknown,926.0,4.990432586778736
200450008014,38.9390273,-95.2932264,146,White,Not Hispanic or Latino,1792.0,4.990432586778736
202019786001,39.9267828,-96.8572611,145,Unknown,Unknown,979.0,4.983606621708336
201170901862,39.9255042,-96.63364,144,Unknown,Unknown,1034.0,4.976733742420574
201610010026,39.0915399,-96.8060707,143,Unknown,Unknown,711.0,4.969813299576001
200050818003,39.5478044,-95.1173792,142,White,Not Hispanic or Latino,1154.0,4.962844630259907
201170605103,39.8368363,-96.6493887,141,Unknown,Unknown,769.0,4.955827057601261
200450007042,38.9681473,-95.2674275,141,White,Not Hispanic or Latino,1182.0,4.955827057601261
202070967002,37.8935531,-95.7343731,139,White,Not Hispanic or Latino,924.0,4.941642422609304
200450012032,38.7870464,-95.1161842,139,White,Not Hispanic or Latino,2346.0,4.941642422609304
200410844001,38.9226859,-97.1889511,137,White,Not Hispanic or Latino,1055.0,4.927253685157205
202019787001,39.7586182,-97.049899,136,Unknown,Unknown,598.0,4.919980925828125
200299772002,39.5639806,-97.6208658,136,Unknown,Unknown,1121.0,4.919980925828125
200450007971,38.9463433,-95.2745607,135,White,Not Hispanic or Latino,1145.0,4.912654885736052
200299772001,39.5674044,-97.6523091,135,Unknown,Unknown,1094.0,4.912654885736052
200450001001,38.9815192,-95.2248078,134,White,Not Hispanic or Latino,1268.0,4.90527477843843
200299773001,39.5714144,-97.6685979,133,Unknown,Unknown,681.0,4.897839799950911
200450002024,38.9535255,-95.2187247,132,White,Not Hispanic or Latino,1023.0,4.890349128221754
200450012022,38.9357085,-95.1037465,132,White,Not Hispanic or Latino,2311.0,4.890349128221754
200050816004,39.4589668,-95.1418525,132,White,Not Hispanic or Latino,972.0,4.890349128221754
200450005023,38.9703553,-95.2433396,132,White,Not Hispanic or Latino,1303.0,4.890349128221754
200274581001,39.5160872,-97.1805024,130,Unknown,Unknown,624.0,4.875197323201151
200599542002,38.6225716,-95.2453727,127,White,Not Hispanic or Latino,1777.0,4.852030263919617
200299773004,39.5626768,-97.6818503,126,Unknown,Unknown,891.0,4.844187086458591
200410844004,38.9361917,-97.1954739,125,White,Not Hispanic or Latino,1055.0,4.836281906951478
200450005022,38.9627429,-95.2555248,125,White,Not Hispanic or Latino,2595.0,4.836281906951478
200450012031,38.7890455,-95.2229483,124,White,Not Hispanic or Latino,1681.0,4.8283137373023015
200050817012,39.5786439,-95.1321713,123,White,Not Hispanic or Latino,1052.0,4.820281565605037
200050817021,39.5959397,-95.0860036,122,White,Not Hispanic or Latino,2602.0,4.812184355372417
200430201002,39.8290182,-95.2879523,120,Unknown,Unknown,996.0,4.795790545596741
200450006042,38.9843542,-95.2686001,118,White,Not Hispanic or Latino,1073.0,4.77912349311153
200450009043,38.9392148,-95.2578211,117,White,Not Hispanic or Latino,1126.0,4.770684624465665
200450002023,38.9535076,-95.2296793,116,White,Not Hispanic or Latino,1262.0,4.762173934797756
201610010024,39.0905943,-96.8207774,115,Unknown,Unknown,621.0,4.7535901911063645
200739657001,37.844282,-96.2902281,115,Unknown,Unknown,1317.0,4.7535901911063645
200450005021,38.9702895,-95.2555753,111,White,Not Hispanic or Latino,1116.0,4.718498871295094
200050819001,39.561688,-95.1261141,109,White,Not Hispanic or Latino,998.0,4.700480365792417
200410844003,38.9169555,-97.2151653,109,White,Not Hispanic or Latino,1097.0,4.700480365792417
200510729021,38.838389,-99.3540025,106,Unknown,Unknown,949.0,4.672828834461906
201690007001,38.7915403,-97.5980732,105,Unknown,Unknown,4448.0,4.663439094112067
200739657002,37.8079702,-96.2616333,104,White,Not Hispanic or Latino,1138.0,4.653960350157523
200410842002,38.7567307,-97.2630132,102,White,Unknown,1381.0,4.634728988229636
202070966001,37.882957,-95.848362,101,White,Not Hispanic or Latino,743.0,4.624972813284271
200050817013,39.5673933,-95.1379322,99,White,Not Hispanic or Latino,911.0,4.605170185988092
200599543001,38.5934274,-95.3040355,99,White,Not Hispanic or Latino,1527.0,4.605170185988092
201030718005,39.0966884,-95.0462339,98,White,Not Hispanic or Latino,1841.0,4.59511985013459
202070967001,37.8647588,-95.7298636,98,White,Not Hispanic or Latino,632.0,4.59511985013459
200039537001,38.2766978,-95.4119731,98,White,Not Hispanic or Latino,1086.0,4.59511985013459
200599541012,38.5569363,-95.4270124,97,White,Not Hispanic or Latino,861.0,4.584967478670572
200510727012,38.8902412,-99.3099016,96,Unknown,Unknown,1131.0,4.574710978503383
201030718004,39.1091488,-95.070371,96,White,Not Hispanic or Latino,1586.0,4.574710978503383
200450008012,38.935324,-95.296535,96,White,Not Hispanic or Latino,964.0,4.574710978503383
201030710001,39.2568302,-95.099555,95,White,Not Hispanic or Latino,1277.0,4.564348191467836
200450001003,38.9762164,-95.2025935,95,White,Not Hispanic or Latino,845.0,4.564348191467836
200450007032,38.9605846,-95.2819052,95,White,Not Hispanic or Latino,937.0,4.564348191467836
200450009022,38.9317976,-95.2465642,95,White,Not Hispanic or Latino,765.0,4.564348191467836
200430201001,39.8995833,-95.2589876,94,White,Not Hispanic or Latino,479.0,4.553876891600541
202019786002,39.9014321,-97.0261362,94,Unknown,Unknown,486.0,4.553876891600541
202070966002,37.8912104,-95.6229851,92,White,Not Hispanic or Latino,816.0,4.532599493153256
200450010012,38.9279146,-95.2326385,92,Unknown,Not Hispanic or Latino,1180.0,4.532599493153256
200410843002,38.9025359,-97.2293921,89,White,Not Hispanic or Latino,770.0,4.499809670330265
200599544001,38.5878536,-95.2663986,88,White,Not Hispanic or Latino,1499.0,4.48863636973214
200510728014,38.8819464,-99.3237306,88,Unknown,Unknown,1161.0,4.48863636973214
201690010001,38.8367308,-97.5685812,88,White,Not Hispanic or Latino,3052.0,4.48863636973214
201030716002,39.1661612,-95.1032849,87,White,Not Hispanic or Latino,1826.0,4.477336814478207
200450012034,38.7750396,-95.1955956,86,White,Not Hispanic or Latino,1949.0,4.465908118654584
200039536004,38.2786539,-95.2337573,85,White,Not Hispanic or Latino,1713.0,4.454347296253507
200050818002,39.5269797,-95.1148494,85,White,Not Hispanic or Latino,783.0,4.454347296253507
200430201003,39.7454649,-95.2606675,84,Unknown,Unknown,584.0,4.442651256490317
200599543003,38.6012003,-95.2810528,83,White,Not Hispanic or Latino,1481.0,4.430816798843313
200450009041,38.9391821,-95.2441565,83,White,Not Hispanic or Latino,1019.0,4.430816798843313
200299773002,39.5635973,-97.6609841,81,Unknown,Unknown,679.0,4.406719247264253
200050816003,39.6161856,-95.2422027,81,White,Not Hispanic or Latino,600.0,4.406719247264253
200599544002,38.6136448,-95.2615291,81,White,Not Hispanic or Latino,1486.0,4.406719247264253
201690008002,38.8052284,-97.5882307,77,White,Not Hispanic or Latino,2917.0,4.356708826689592
200599542001,38.6411832,-95.2820692,77,White,Not Hispanic or Latino,1115.0,4.356708826689592
201030709002,39.3676598,-95.1198989,77,White,Not Hispanic or Latino,1161.0,4.356708826689592
200450001002,39.0183539,-95.2290445,76,White,Not Hispanic or Latino,662.0,4.343805421853684
200510728013,38.8876174,-99.3319228,76,Unknown,Unknown,1253.0,4.343805421853684
200599543002,38.6128292,-95.2769865,75,White,Not Hispanic or Latino,1477.0,4.330733340286331
200510727021,38.838328,-99.2868629,75,Unknown,Unknown,1238.0,4.330733340286331
200450003013,38.9610921,-95.2391896,74,White,Not Hispanic or Latino,1633.0,4.31748811353631
200050818001,39.5363587,-95.1712885,74,White,Not Hispanic or Latino,768.0,4.31748811353631
201030718001,39.0717698,-95.1027926,73,White,Not Hispanic or Latino,1178.0,4.30406509320417
200299774001,39.5754565,-97.8007519,73,Unknown,Unknown,616.0,4.30406509320417
200510729012,38.8719921,-99.3216475,71,Unknown,Unknown,924.0,4.276666119016055
201030718003,39.1183634,-95.0978122,71,White,Not Hispanic or Latino,1141.0,4.276666119016055
200050819002,39.5696609,-95.1260127,70,White,Not Hispanic or Latino,755.0,4.2626798770413155
200510728021,38.9081377,-99.3599765,69,Unknown,Unknown,1749.0,4.248495242049359
201154895002,38.5033701,-96.9577378,68,Unknown,Unknown,732.0,4.23410650459726
200039536001,38.319224,-95.1998269,67,Unknown,Unknown,1831.0,4.219507705176107
200450012024,38.9086649,-95.0738608,66,White,Not Hispanic or Latino,1168.0,4.204692619390966
200599544003,38.6066047,-95.2636255,66,White,Not Hispanic or Latino,948.0,4.204692619390966
200599543004,38.6005481,-95.2726027,66,White,Not Hispanic or Latino,956.0,4.204692619390966
200050819004,39.5679745,-95.1177714,65,White,Not Hispanic or Latino,708.0,4.189654742026425
200510727014,38.8818841,-99.3133299,65,Unknown,Unknown,925.0,4.189654742026425
200019528003,37.9262786,-95.3986812,65,White,Not Hispanic or Latino,1093.0,4.189654742026425
201030716001,39.1105787,-95.1556667,64,White,Not Hispanic or Latino,1122.0,4.174387269895637
200510728011,38.8913965,-99.3220227,64,Unknown,Unknown,1266.0,4.174387269895637
200510726002,38.9176457,-99.1698265,62,Unknown,Unknown,1431.0,4.143134726391533
200450003021,38.9526948,-95.2388553,62,White,Not Hispanic or Latino,1013.0,4.143134726391533
200510727013,38.8817852,-99.3040499,62,Unknown,Unknown,1056.0,4.143134726391533
200510730002,38.9330573,-99.541882,62,Unknown,Unknown,1167.0,4.143134726391533
200510729011,38.8753722,-99.3282022,61,Unknown,Unknown,985.0,4.127134385045092
201030711031,39.2747771,-94.9397437,61,White,Not Hispanic or Latino,2952.0,4.127134385045092
200510726001,38.8568707,-99.1508798,61,Unknown,Unknown,1178.0,4.127134385045092
202019786003,39.9076372,-97.2564566,60,Unknown,Unknown,478.0,4.110873864173311
200050819003,39.5658843,-95.1255613,60,White,Not Hispanic or Latino,577.0,4.110873864173311
200599545006,38.4498482,-95.4233943,59,White,Not Hispanic or Latino,845.0,4.0943445622221
200510728012,38.8967201,-99.3297636,59,Unknown,Unknown,1125.0,4.0943445622221
200510729023,38.8697967,-99.3356566,58,Unknown,Unknown,1075.0,4.07753744390572
200510729013,38.8775629,-99.3337204,58,Unknown,Unknown,860.0,4.07753744390572
200510730001,38.9178279,-99.461186,58,Unknown,Unknown,1160.0,4.07753744390572
201639746002,39.4361264,-99.2682566,58,Unknown,Unknown,1516.0,4.07753744390572
200599544004,38.5950001,-95.2488669,58,White,Not Hispanic or Latino,841.0,4.07753744390572
200599541021,38.7289707,-95.0869486,57,Unknown,Unknown,1423.0,4.060443010546419
200410842001,38.9128368,-97.3592788,57,White,Unknown,1009.0,4.060443010546419
201690005003,38.8089035,-97.6221885,57,White,Not Hispanic or Latino,2076.0,4.060443010546419
200510727022,38.871466,-99.2950957,56,Unknown,Unknown,978.0,4.04305126783455
201690006002,38.7965673,-97.6573048,55,White,Not Hispanic or Latino,1694.0,4.02535169073515
200510727011,38.8688509,-99.3091959,54,Unknown,Unknown,1136.0,4.007333185232471
200450002011,38.9644745,-95.2149072,54,White,Not Hispanic or Latino,670.0,4.007333185232471
200510728023,38.8817723,-99.3392513,53,Unknown,Unknown,598.0,3.9889840465642745
201030703001,39.3062624,-94.9422879,52,White,Not Hispanic or Latino,1632.0,3.970291913552122
200510730003,38.9427983,-99.5767249,52,Unknown,Unknown,952.0,3.970291913552122
200599545003,38.4432332,-95.1537207,52,White,Not Hispanic or Latino,1028.0,3.970291913552122
200299774002,39.4013147,-97.7979069,52,Unknown,Unknown,779.0,3.970291913552122
200510727015,38.874582,-99.3039818,51,Unknown,Unknown,1005.0,3.9512437185814275
201030714004,39.0403982,-95.1589355,50,White,Not Hispanic or Latino,538.0,3.9318256327243257
201030711041,39.2184825,-94.927149,50,Unknown,Unknown,2616.0,3.9318256327243257
201690010002,38.8132751,-97.5691841,50,White,Not Hispanic or Latino,1620.0,3.9318256327243257
201690005001,38.8219523,-97.6321494,49,White,Not Hispanic or Latino,1411.0,3.912023005428146
201030712041,39.1354602,-94.9490713,49,White,Not Hispanic or Latino,2781.0,3.912023005428146
201959558003,39.0090578,-99.859696,49,Unknown,Unknown,1014.0,3.912023005428146
201690009006,38.8163159,-97.5932662,48,White,Not Hispanic or Latino,1392.0,3.8918202981106265
200599545004,38.5146965,-95.3092852,48,White,Not Hispanic or Latino,1054.0,3.8918202981106265
201659723003,38.5205822,-99.3289193,48,Unknown,Unknown,1050.0,3.8918202981106265
200450009021,38.9312287,-95.2560737,48,White,Not Hispanic or Latino,427.0,3.8918202981106265
201259502001,37.2722457,-95.5570263,48,White,Not Hispanic or Latino,2507.0,3.8918202981106265
201579781002,39.7393745,-97.500773,48,Unknown,Unknown,512.0,3.8918202981106265
201030709001,39.3692067,-95.0040282,48,White,Not Hispanic or Latino,1673.0,3.8918202981106265
201690012001,38.7533843,-97.4923873,47,Unknown,Unknown,1119.0,3.871201010907891
200450002022,38.9585051,-95.2296967,47,Unknown,Unknown,649.0,3.871201010907891
200450012033,38.7730215,-95.1739652,47,White,Not Hispanic or Latino,1185.0,3.871201010907891
200510727023,38.9040202,-99.2760068,47,Unknown,Unknown,940.0,3.871201010907891
200510728022,38.8929154,-99.3422344,47,Unknown,Unknown,1022.0,3.871201010907891
200599545002,38.5378959,-95.1775197,47,White,Not Hispanic or Latino,1095.0,3.871201010907891
201030712021,39.1001844,-94.9380255,46,White,Not Hispanic or Latino,1913.0,3.8501476017100584
201137884001,38.3856903,-97.6394685,46,White,Not Hispanic or Latino,2449.0,3.8501476017100584
200910526093,38.9545809,-94.8820879,46,White,Not Hispanic or Latino,2448.0,3.8501476017100584
200430202002,39.7767645,-95.0586479,46,Unknown,Unknown,955.0,3.8501476017100584
201154897002,38.355272,-97.0082247,45,Unknown,Unknown,1024.0,3.828641396489095
200019529001,37.9134426,-95.4168713,45,White,Not Hispanic or Latino,1001.0,3.828641396489095
201030711053,39.2558995,-94.9093802,44,White,Not Hispanic or Latino,2352.0,3.8066624897703196
201690010003,38.8376968,-97.5753229,44,Unknown,Unknown,1055.0,3.8066624897703196
201154898004,38.1941341,-96.9555473,44,White,Not Hispanic or Latino,1084.0,3.8066624897703196
201730073012,37.7046034,-97.2532485,44,Unknown,Unknown,1693.0,3.8066624897703196
200450003012,38.9656539,-95.2394013,44,White,Not Hispanic or Latino,1302.0,3.8066624897703196
200430202003,39.7013582,-95.1224392,44,White,Not Hispanic or Latino,527.0,3.8066624897703196
200450003011,38.9656334,-95.2458483,44,White,Not Hispanic or Latino,1535.0,3.8066624897703196
200019526001,37.8737508,-95.2036636,43,White,Not Hispanic or Latino,1791.0,3.784189633918261
201154897003,38.3693025,-96.9944593,43,White,Not Hispanic or Latino,852.0,3.784189633918261
201690001023,38.8425381,-97.6077293,42,White,Not Hispanic or Latino,692.0,3.7612001156935624
201030718002,39.1056376,-95.0888483,42,White,Not Hispanic or Latino,824.0,3.7612001156935624
201154897001,38.3410862,-97.0059702,42,White,Not Hispanic or Latino,923.0,3.7612001156935624
201430857003,39.108819,-97.6915303,42,White,Not Hispanic or Latino,1111.0,3.7612001156935624
201110001021,38.4173487,-96.1794015,42,Unknown,Unknown,284.0,3.7612001156935624
201690008001,38.8089902,-97.605793,42,White,Not Hispanic or Latino,1543.0,3.7612001156935624
201137882001,38.5898461,-97.6808851,41,White,Not Hispanic or Latino,2330.0,3.7376696182833684
201579783001,39.839262,-97.6150802,41,Unknown,Unknown,711.0,3.7376696182833684
201459702002,38.1849447,-99.0991906,41,Unknown,Unknown,972.0,3.7376696182833684
202050973002,37.5375451,-95.8339695,41,White,Not Hispanic or Latino,1376.0,3.7376696182833684
201690002002,38.8538096,-97.6148494,41,Unknown,Not Hispanic or Latino,1340.0,3.7376696182833684
200019528001,37.9424395,-95.420724,41,White,Not Hispanic or Latino,1179.0,3.7376696182833684
201030712051,39.1766002,-94.9267828,41,White,Not Hispanic or Latino,2198.0,3.7376696182833684
201579782002,39.7509467,-97.8085162,41,Unknown,Unknown,773.0,3.7376696182833684
201459702005,38.1602566,-99.1133654,40,Unknown,Unknown,1112.0,3.713572066704308
201030714001,39.0316746,-94.9752905,40,Unknown,Not Hispanic or Latino,1639.0,3.713572066704308
201679739001,38.8504697,-98.959394,40,Unknown,Unknown,775.0,3.713572066704308
200450003022,38.952201,-95.2450604,39,White,Not Hispanic or Latino,501.0,3.6888794541139363
201639747003,39.2196289,-99.3221679,39,Unknown,Unknown,1049.0,3.6888794541139363
201679738003,38.8847283,-98.8659395,39,Unknown,Unknown,850.0,3.6888794541139363
200910526041,38.9957371,-94.8669189,39,White,Not Hispanic or Latino,2254.0,3.6888794541139363
201690003003,38.8403368,-97.6165822,39,Unknown,Not Hispanic or Latino,974.0,3.6888794541139363
201690007002,38.7983659,-97.5990104,39,White,Not Hispanic or Latino,1722.0,3.6888794541139363
201030714003,38.9997489,-95.1237766,39,White,Not Hispanic or Latino,672.0,3.6888794541139363
200450009023,38.9196109,-95.2511214,39,Unknown,Not Hispanic or Latino,1208.0,3.6888794541139363
201430856001,39.0038514,-97.5526524,38,White,Not Hispanic or Latino,1357.0,3.6635616461296463
201690009001,38.8204743,-97.5879259,38,White,Not Hispanic or Latino,1628.0,3.6635616461296463
201231766001,39.3888871,-98.0230878,38,White,Not Hispanic or Latino,1073.0,3.6635616461296463
201690001011,38.8335661,-97.5996162,37,White,Not Hispanic or Latino,900.0,3.6375861597263857
202090448034,39.1221395,-94.8812741,37,White,Not Hispanic or Latino,2389.0,3.6375861597263857
201339517003,37.7085146,-95.4957204,37,White,Not Hispanic or Latino,1227.0,3.6375861597263857
201679738002,38.8994312,-98.891228,36,Unknown,Unknown,809.0,3.6109179126442243
201339518001,37.673794,-95.4997147,36,White,Not Hispanic or Latino,1261.0,3.6109179126442243
201730095091,37.6787264,-97.507692,36,Unknown,Unknown,4137.0,3.6109179126442243
201030714002,39.0029663,-95.0348376,36,White,Not Hispanic or Latino,1181.0,3.6109179126442243
201030707001,39.2955777,-94.9419102,36,White,Not Hispanic or Latino,1689.0,3.6109179126442243
200039537002,38.0996753,-95.3617663,36,White,Not Hispanic or Latino,935.0,3.6109179126442243
200599541023,38.6991124,-95.1960249,36,White,Not Hispanic or Latino,656.0,3.6109179126442243
201231766004,39.4625144,-98.1046469,35,Unknown,Unknown,1242.0,3.58351893845611
201690001012,38.8339224,-97.589542,35,Unknown,Not Hispanic or Latino,1040.0,3.58351893845611
201690004003,38.8155179,-97.6172851,35,White,Not Hispanic or Latino,1169.0,3.58351893845611
200599545001,38.6247222,-95.128005,35,Unknown,Unknown,1124.0,3.58351893845611
201430856002,39.1637193,-97.5069659,35,Unknown,Unknown,651.0,3.58351893845611
200739658002,37.7042596,-96.3709944,35,White,Unknown,832.0,3.58351893845611
201339519001,37.6759669,-95.4415907,34,White,Not Hispanic or Latino,1132.0,3.5553480614894135
202090448072,39.0494878,-94.8983274,34,White,Not Hispanic or Latino,2116.0,3.5553480614894135
201690002001,38.8623545,-97.6170925,34,White,Not Hispanic or Latino,736.0,3.5553480614894135
201030712042,39.1349488,-94.9230407,34,White,Not Hispanic or Latino,1920.0,3.5553480614894135
200599545005,38.4305151,-95.294847,34,White,Not Hispanic or Latino,801.0,3.5553480614894135
200099713002,38.5001009,-98.756931,33,Unknown,Unknown,1666.0,3.5263605246161616
201259510002,37.0380597,-95.6182988,33,White,Not Hispanic or Latino,982.0,3.5263605246161616
201639747002,39.2468705,-99.2947561,33,Unknown,Unknown,854.0,3.5263605246161616
200910534031,38.876254,-94.7557147,33,Unknown,Unknown,2389.0,3.5263605246161616
201030712022,39.0933505,-94.9950218,33,White,Not Hispanic or Latino,1426.0,3.5263605246161616
201659723001,38.5215832,-99.3147239,33,Unknown,Unknown,794.0,3.5263605246161616
201414741001,39.4936793,-98.5606975,32,White,Not Hispanic or Latino,898.0,3.4965075614664802
201414741002,39.3149752,-98.7978934,32,Unknown,Unknown,907.0,3.4965075614664802
201030702001,39.3242829,-94.9334401,32,White,Not Hispanic or Latino,1247.0,3.4965075614664802
200659523001,39.3714344,-99.8737418,32,Unknown,Unknown,756.0,3.4965075614664802
201690011004,38.8272323,-97.7413965,32,Unknown,Not Hispanic or Latino,886.0,3.4965075614664802
201690011002,38.9078937,-97.5581267,32,Unknown,Unknown,1065.0,3.4965075614664802
201231767002,39.5267188,-98.2991878,32,Unknown,Unknown,1034.0,3.4965075614664802
200910527012,38.9729128,-95.0163278,32,White,Not Hispanic or Latino,1462.0,3.4965075614664802
201679738006,38.856179,-98.8653341,32,Unknown,Unknown,940.0,3.4965075614664802
200039536003,38.2772784,-95.2563786,32,White,Not Hispanic or Latino,721.0,3.4965075614664802
201659723002,38.5403461,-99.1762251,32,Unknown,Unknown,1112.0,3.4965075614664802
200659523003,39.3492593,-99.8840565,31,Unknown,Unknown,886.0,3.4657359027997265
201030701001,39.3221615,-94.9110586,31,White,Not Hispanic or Latino,1286.0,3.4657359027997265
201259504001,37.2257541,-95.7091284,31,White,Not Hispanic or Latino,1112.0,3.4657359027997265
200530867001,38.7766188,-98.3528633,31,Unknown,Unknown,1341.0,3.4657359027997265
200599541022,38.710707,-95.0856146,31,White,Not Hispanic or Latino,1016.0,3.4657359027997265
201030705002,39.2967705,-94.9119458,31,White,Not Hispanic or Latino,1151.0,3.4657359027997265
201430857004,39.1441047,-97.7058529,31,White,Not Hispanic or Latino,984.0,3.4657359027997265
201459702001,38.1817401,-99.0727412,31,Unknown,Unknown,1087.0,3.4657359027997265
201579783003,39.8117788,-97.6083489,31,Unknown,Unknown,754.0,3.4657359027997265
201137882002,38.5631174,-97.6594093,31,White,Not Hispanic or Latino,1648.0,3.4657359027997265
201690011001,38.8681623,-97.4442615,31,White,Unknown,841.0,3.4657359027997265
201690003004,38.8346023,-97.6146447,31,White,Not Hispanic or Latino,766.0,3.4657359027997265
202090448043,39.1807899,-94.8261465,31,White,Not Hispanic or Latino,2833.0,3.4657359027997265
201690001022,38.8428106,-97.5986358,31,White,Not Hispanic or Latino,823.0,3.4657359027997265
200019528002,37.9475207,-95.3813795,31,White,Not Hispanic or Latino,1541.0,3.4657359027997265
201690011003,38.8849649,-97.8167006,31,White,Not Hispanic or Latino,1027.0,3.4657359027997265
201030711021,39.2721909,-94.8828517,31,White,Not Hispanic or Latino,1151.0,3.4657359027997265
201639746001,39.4268751,-99.3182452,30,Unknown,Unknown,766.0,3.4339872044851463
200910526082,38.9570569,-94.829121,30,Unknown,Unknown,2205.0,3.4339872044851463
201099546003,39.1267119,-100.8331156,30,Unknown,Unknown,1164.0,3.4339872044851463
201690006001,38.788467,-97.6217115,30,White,Not Hispanic or Latino,1182.0,3.4339872044851463
201679738001,38.9308765,-98.8194908,30,Unknown,Unknown,669.0,3.4339872044851463
201579783002,39.8279278,-97.6516108,30,White,Unknown,708.0,3.4339872044851463
201690003005,38.8344672,-97.6192502,30,Unknown,Not Hispanic or Latino,823.0,3.4339872044851463
200739658001,37.7248673,-96.0881278,30,White,Not Hispanic or Latino,754.0,3.4339872044851463
201814537004,39.3688158,-101.7064381,30,Unknown,Unknown,1644.0,3.4339872044851463
202050973001,37.5332242,-95.8159503,30,White,Not Hispanic or Latino,1064.0,3.4339872044851463
201030703005,39.3145731,-94.9357705,30,White,Not Hispanic or Latino,980.0,3.4339872044851463
201459702003,38.1772508,-99.0971775,30,Unknown,Unknown,913.0,3.4339872044851463
200910527014,38.967279,-94.9681846,30,White,Not Hispanic or Latino,1379.0,3.4339872044851463
200430203001,39.8358153,-94.9600568,30,White,Not Hispanic or Latino,1178.0,3.4339872044851463
201030703002,39.322566,-94.9470712,30,White,Not Hispanic or Latino,1642.0,3.4339872044851463
201679738004,38.8899468,-98.8599708,29,Unknown,Unknown,594.0,3.4011973816621555
201030710002,39.2888022,-94.9956226,29,White,Not Hispanic or Latino,2068.0,3.4011973816621555
200910534113,38.8448011,-94.6596397,29,White,Not Hispanic or Latino,2486.0,3.4011973816621555
201430857001,39.0338202,-97.7915931,28,Unknown,Unknown,892.0,3.367295829986474
200039536002,38.2847034,-95.2557027,28,White,Not Hispanic or Latino,686.0,3.367295829986474
201137884004,38.3784315,-97.6578287,28,White,Not Hispanic or Latino,1583.0,3.367295829986474
200019527001,37.9871877,-95.380907,28,White,Not Hispanic or Latino,1052.0,3.367295829986474
201030705004,39.2757423,-94.907344,28,White,Not Hispanic or Latino,2548.0,3.367295829986474
201137886003,38.3588756,-97.6994578,28,Unknown,Not Hispanic or Latino,1866.0,3.367295829986474
200910534221,38.8764143,-94.7120924,28,Unknown,Unknown,2247.0,3.367295829986474
201474753001,39.7702503,-99.3377066,28,Unknown,Unknown,832.0,3.367295829986474
201379517003,39.8322507,-99.8975827,28,Unknown,Unknown,1273.0,3.367295829986474
201959558001,39.0079536,-99.8927386,28,Unknown,Unknown,924.0,3.367295829986474
200910534292,38.8619539,-94.6398716,28,Unknown,Unknown,2416.0,3.367295829986474
201030704003,39.3059215,-94.9163768,28,White,Not Hispanic or Latino,1226.0,3.367295829986474
201834758002,39.7815363,-98.7622982,27,White,Unknown,906.0,3.332204510175204
200910535062,38.8726326,-94.76998,27,Unknown,Not Hispanic or Latino,2231.0,3.332204510175204
200910537124,38.7676128,-94.9096317,27,Unknown,Unknown,1954.0,3.332204510175204
200910525052,38.9747502,-94.7872552,27,White,Not Hispanic or Latino,1623.0,3.332204510175204
200910528043,38.9382149,-94.8976006,27,Unknown,Not Hispanic or Latino,1678.0,3.332204510175204
201690001013,38.8300922,-97.6088379,27,White,Not Hispanic or Latino,886.0,3.332204510175204
201154896004,38.3558524,-97.2125709,27,White,Not Hispanic or Latino,1014.0,3.332204510175204
200910537072,38.8217029,-94.9158963,27,White,Not Hispanic or Latino,2608.0,3.332204510175204
200099718013,38.3585426,-98.7481389,26,Unknown,Unknown,1251.0,3.295836866004329
200510729022,38.8709378,-99.3471267,26,Unknown,Unknown,1670.0,3.295836866004329
200019530003,37.8107387,-95.4374747,26,White,Not Hispanic or Latino,582.0,3.295836866004329
200910526104,39.0425784,-94.8323157,26,Unknown,Unknown,2084.0,3.295836866004329
200910528063,38.9067378,-94.8409907,26,White,Not Hispanic or Latino,1908.0,3.295836866004329
200910528071,38.9200082,-94.8252922,25,White,Not Hispanic or Latino,2428.0,3.258096538021482
200659523002,39.3604317,-99.8231393,25,Unknown,Unknown,773.0,3.258096538021482
200450004002,38.9515848,-95.2652842,25,White,Not Hispanic or Latino,3301.0,3.258096538021482
200199646003,37.119844,-96.1821453,25,White,Not Hispanic or Latino,1425.0,3.258096538021482
200150206012,37.7929174,-96.9979094,25,White,Not Hispanic or Latino,1487.0,3.258096538021482
202050971001,37.5690551,-95.5918244,25,White,Not Hispanic or Latino,973.0,3.258096538021482
201259505001,37.2276696,-95.7189089,25,White,Not Hispanic or Latino,814.0,3.258096538021482
200910528062,38.9067182,-94.8242974,25,White,Not Hispanic or Latino,3024.0,3.258096538021482
200910537113,38.8468969,-94.9374473,25,White,Not Hispanic or Latino,1991.0,3.258096538021482
201211006021,38.5795139,-94.9755629,25,White,Not Hispanic or Latino,1805.0,3.258096538021482
200430202001,39.8262357,-95.0933952,25,Unknown,Unknown,639.0,3.258096538021482
201137884003,38.4056673,-97.6668741,25,White,Not Hispanic or Latino,1092.0,3.258096538021482
200910534172,38.8618333,-94.6725254,25,White,Not Hispanic or Latino,1814.0,3.258096538021482
200910526102,39.0360263,-94.8298703,24,White,Unknown,2183.0,3.2188758248682006
200910526131,39.0256595,-94.8293746,24,Unknown,Unknown,1570.0,3.2188758248682006
201414741003,39.5081542,-98.7079486,24,White,Not Hispanic or Latino,964.0,3.2188758248682006
200910530122,38.9205135,-94.7189925,24,Unknown,Unknown,2535.0,3.2188758248682006
201579782001,39.9163883,-97.7861288,24,Unknown,Unknown,656.0,3.2188758248682006
200910528054,38.8959439,-94.8456775,24,White,Not Hispanic or Latino,1656.0,3.2188758248682006
201690003001,38.8443438,-97.621086,24,Unknown,Not Hispanic or Latino,1047.0,3.2188758248682006
200910524211,38.9820053,-94.729012,24,White,Not Hispanic or Latino,1711.0,3.2188758248682006
201030711023,39.2177444,-94.8639426,24,White,Not Hispanic or Latino,1389.0,3.2188758248682006
201339519003,37.6421583,-95.4341392,24,White,Unknown,947.0,3.2188758248682006
200910535022,38.8761041,-94.784568,24,White,Not Hispanic or Latino,2563.0,3.2188758248682006
201690004001,38.8234974,-97.6157715,24,Unknown,Unknown,984.0,3.2188758248682006
201474753002,39.7347815,-99.3547891,24,Unknown,Unknown,1038.0,3.2188758248682006
200910526072,39.0150427,-94.8798781,24,Unknown,Unknown,2641.0,3.2188758248682006
201050861002,39.074884,-98.1322124,24,White,Not Hispanic or Latino,598.0,3.2188758248682006
200099718014,38.3779894,-98.840067,24,Unknown,Unknown,1674.0,3.2188758248682006
201834759002,39.6706217,-98.7804714,24,Unknown,Unknown,1150.0,3.2188758248682006
200910537093,38.8123526,-94.9556533,24,White,Not Hispanic or Latino,2461.0,3.2188758248682006
200099714001,38.3835601,-98.7652444,24,Unknown,Unknown,1171.0,3.2188758248682006
201690009002,38.8234345,-97.6028642,23,White,Not Hispanic or Latino,843.0,3.1780538303479458
200530867003,38.745192,-98.218342,23,White,Not Hispanic or Latino,781.0,3.1780538303479458
201690009004,38.8162279,-97.6088148,23,White,Not Hispanic or Latino,1215.0,3.1780538303479458
201939531005,39.3574763,-101.0170478,23,White,Not Hispanic or Latino,1571.0,3.1780538303479458
202090448032,39.1801792,-94.8823173,23,White,Not Hispanic or Latino,1731.0,3.1780538303479458
200099713001,38.5015314,-98.8046036,23,Unknown,Unknown,1421.0,3.1780538303479458
201690001021,38.8493556,-97.5871589,23,White,Not Hispanic or Latino,737.0,3.1780538303479458
201730063001,37.6609992,-97.2873328,23,White,Not Hispanic or Latino,879.0,3.1780538303479458
200910525072,38.9630577,-94.7989667,23,White,Not Hispanic or Latino,2199.0,3.1780538303479458
200450003023,38.9567302,-95.2376398,23,Unknown,Unknown,367.0,3.1780538303479458
201030705001,39.2942074,-94.9196132,23,White,Not Hispanic or Latino,1065.0,3.1780538303479458
200910535603,38.8328529,-94.7753921,23,White,Not Hispanic or Latino,1968.0,3.1780538303479458
202050974002,37.4246107,-95.6835095,23,White,Not Hispanic or Latino,1102.0,3.1780538303479458
200910534183,38.8471237,-94.6814718,23,Unknown,Unknown,2274.0,3.1780538303479458
201959558002,38.9113186,-99.872663,23,Unknown,Unknown,870.0,3.1780538303479458
201259511003,37.0456478,-95.6341022,22,White,Not Hispanic or Latino,1118.0,3.1354942159291497
200910531013,38.9184222,-94.6981505,22,White,Not Hispanic or Latino,2113.0,3.1354942159291497
200910526081,38.9709072,-94.8359366,22,White,Not Hispanic or Latino,1914.0,3.1354942159291497
201730056001,37.5949263,-97.3120354,22,Unknown,Not Hispanic or Latino,2242.0,3.1354942159291497
201690012003,38.6591523,-97.6552062,22,White,Not Hispanic or Latino,995.0,3.1354942159291497
200910537011,38.7602809,-95.0103344,22,White,Not Hispanic or Latino,1699.0,3.1354942159291497
200910530112,38.8916693,-94.7523326,22,Unknown,Unknown,2106.0,3.1354942159291497
201339519002,37.6721242,-95.4524278,22,White,Unknown,994.0,3.1354942159291497
200910534264,38.8617616,-94.7294052,22,Unknown,Unknown,1391.0,3.1354942159291497
201359563003,38.4658235,-99.7597392,22,Unknown,Unknown,650.0,3.1354942159291497
201690005004,38.8020329,-97.6172652,22,Unknown,Unknown,990.0,3.1354942159291497
200910537052,38.8092544,-94.8981715,22,White,Not Hispanic or Latino,1609.0,3.1354942159291497
200910538031,38.7601375,-94.6429677,22,Unknown,Unknown,2319.0,3.1354942159291497
201259505002,37.2076687,-95.7461629,22,White,Not Hispanic or Latino,652.0,3.1354942159291497
202050971002,37.6635349,-95.7469602,22,White,Not Hispanic or Latino,890.0,3.1354942159291497
201231766002,39.4538775,-98.1341404,22,White,Not Hispanic or Latino,785.0,3.1354942159291497
200910537092,38.8217267,-94.9363938,22,White,Not Hispanic or Latino,2007.0,3.1354942159291497
201690004002,38.8235006,-97.6219999,22,White,Not Hispanic or Latino,788.0,3.1354942159291497
200019529003,37.8883365,-95.400285,22,Unknown,Not Hispanic or Latino,638.0,3.1354942159291497
200354934002,37.2640378,-97.0232416,22,Unknown,Not Hispanic or Latino,1066.0,3.1354942159291497
200910534181,38.8399158,-94.6722717,21,White,Not Hispanic or Latino,1972.0,3.091042453358316
200895763002,39.7834639,-98.2019939,21,White,Not Hispanic or Latino,962.0,3.091042453358316
202050974001,37.4081358,-95.6544462,21,White,Not Hispanic or Latino,713.0,3.091042453358316
201459703002,38.1642715,-99.1243788,21,Unknown,Unknown,726.0,3.091042453358316
201939531002,39.4273353,-101.0935322,21,Unknown,Unknown,1367.0,3.091042453358316
201939531003,39.3589,-101.0916265,21,Unknown,Unknown,1245.0,3.091042453358316
201730103013,37.7431533,-97.4557228,21,Unknown,Not Hispanic or Latino,3506.0,3.091042453358316
201730103012,37.7502322,-97.4205246,21,White,Not Hispanic or Latino,2774.0,3.091042453358316
201050861001,39.0825269,-98.1662917,21,White,Not Hispanic or Latino,972.0,3.091042453358316
200910531021,38.9166357,-94.6783245,21,Unknown,Unknown,2125.0,3.091042453358316
201030702002,39.3226505,-94.9255867,21,White,Not Hispanic or Latino,893.0,3.091042453358316
200910530042,38.9201356,-94.7329546,21,White,Not Hispanic or Latino,1812.0,3.091042453358316
201730072012,37.7012339,-97.1987359,21,Unknown,Unknown,2595.0,3.091042453358316
200099711001,38.4943717,-98.5963972,21,Unknown,Unknown,1633.0,3.091042453358316
200910528072,38.9200165,-94.8437219,21,White,Not Hispanic or Latino,864.0,3.091042453358316
201690003002,38.8345742,-97.6320224,21,White,Not Hispanic or Latino,893.0,3.091042453358316
201137883002,38.4432775,-97.7968402,21,White,Not Hispanic or Latino,1144.0,3.091042453358316
201030707003,39.2862964,-94.9237653,21,White,Not Hispanic or Latino,1464.0,3.091042453358316
201690005002,38.8158642,-97.6266319,21,White,Not Hispanic or Latino,1210.0,3.091042453358316
200910530081,38.907828,-94.7360259,21,Unknown,Unknown,2005.0,3.091042453358316
200099715001,38.3835154,-98.7930699,21,Unknown,Unknown,1241.0,3.091042453358316
202090448031,39.1431697,-94.8732067,21,White,Not Hispanic or Latino,1615.0,3.091042453358316
201030704002,39.3055717,-94.9241698,21,White,Not Hispanic or Latino,907.0,3.091042453358316
201259514002,37.0179124,-95.6291659,21,White,Not Hispanic or Latino,939.0,3.091042453358316
200790303003,38.0200227,-97.3457718,20,White,Not Hispanic or Latino,1711.0,3.044522437723423
201259503003,37.2443316,-95.7199307,20,White,Not Hispanic or Latino,966.0,3.044522437723423
202090447032,39.1357322,-94.8321589,20,White,Not Hispanic or Latino,2503.0,3.044522437723423
201679739003,38.8220154,-98.6594009,20,Unknown,Unknown,537.0,3.044522437723423
200039537003,38.1647711,-95.1636353,20,White,Not Hispanic or Latino,864.0,3.044522437723423
201154895001,38.5222301,-97.2175772,20,White,Not Hispanic or Latino,782.0,3.044522437723423
200910525061,38.9484181,-94.7967678,20,White,Not Hispanic or Latino,1489.0,3.044522437723423
200910527022,38.9104652,-94.997326,20,Unknown,Unknown,1463.0,3.044522437723423
201459703001,38.2071781,-99.4323286,20,Unknown,Unknown,722.0,3.044522437723423
201339517002,37.6881668,-95.4560176,20,White,Not Hispanic or Latino,578.0,3.044522437723423
200099717002,38.3619645,-98.7698031,20,Unknown,Unknown,1266.0,3.044522437723423
201259504002,37.2259742,-95.6968163,20,White,Not Hispanic or Latino,1038.0,3.044522437723423
200910534142,38.8756225,-94.653053,20,Unknown,Unknown,2056.0,3.044522437723423
200910529083,38.8949848,-94.7684225,20,White,Not Hispanic or Latino,1757.0,3.044522437723423
201730095141,37.7303427,-97.4353448,20,Unknown,Unknown,2308.0,3.044522437723423
201550003001,38.0957601,-97.9246774,20,White,Not Hispanic or Latino,2574.0,3.044522437723423
200910534291,38.862018,-94.6192772,20,Unknown,Unknown,2296.0,3.044522437723423
201579781001,39.9163739,-97.5219244,20,Unknown,Unknown,560.0,3.044522437723423
201137884002,38.384847,-97.671227,20,Unknown,Not Hispanic or Latino,1316.0,3.044522437723423
200910530093,38.8882877,-94.7076119,20,Unknown,Unknown,2310.0,3.044522437723423
201799528002,39.3498557,-100.4416943,20,Unknown,Unknown,1085.0,3.044522437723423
200910537031,38.8028396,-94.9203677,20,White,Not Hispanic or Latino,1867.0,3.044522437723423
200910519041,38.9385369,-94.7141405,20,White,Not Hispanic or Latino,2234.0,3.044522437723423
201339518003,37.6407114,-95.4935054,20,White,Not Hispanic or Latino,1114.0,3.044522437723423
202050974003,37.4546964,-95.6959072,20,White,Not Hispanic or Latino,1054.0,3.044522437723423
201379517005,39.7727462,-99.925743,20,Unknown,Unknown,941.0,3.044522437723423
201231766003,39.4809089,-98.1161727,20,Unknown,Unknown,935.0,3.044522437723423
200099715003,38.3570004,-98.8032093,20,Unknown,Unknown,1057.0,3.044522437723423
200895763001,39.6621249,-98.2409127,20,Unknown,Unknown,928.0,3.044522437723423
200790305004,38.1336543,-97.4318801,20,White,Not Hispanic or Latino,1742.0,3.044522437723423
200354931002,37.1326224,-96.7244838,20,Unknown,Unknown,1282.0,3.044522437723423
200150201012,37.9201055,-96.647643,19,Unknown,Unknown,1108.0,2.995732273553991
202090448042,39.1504143,-94.8330277,19,White,Not Hispanic or Latino,1351.0,2.995732273553991
200910531023,38.9235427,-94.6758993,19,Unknown,Unknown,1907.0,2.995732273553991
200910529072,38.9013049,-94.7760303,19,White,Not Hispanic or Latino,2265.0,2.995732273553991
200910537073,38.8135581,-94.915204,19,White,Not Hispanic or Latino,1664.0,2.995732273553991
200910534282,38.8473197,-94.6957378,19,Unknown,Unknown,2159.0,2.995732273553991
201690003006,38.8290898,-97.6168496,19,White,Not Hispanic or Latino,727.0,2.995732273553991
200430203002,39.7387592,-94.9981808,19,White,Not Hispanic or Latino,700.0,2.995732273553991
201050861004,39.0171742,-98.1435456,19,Unknown,Unknown,715.0,2.995732273553991
200530866002,38.6985505,-98.0666517,19,White,Unknown,1120.0,2.995732273553991
200910524141,38.9823529,-94.7513827,19,Unknown,Unknown,1815.0,2.995732273553991
201550011002,38.1008976,-97.8405395,19,Unknown,Unknown,1721.0,2.995732273553991
200150203001,37.8340174,-96.8441233,19,White,Not Hispanic or Latino,1560.0,2.995732273553991
200910530051,38.9291927,-94.7493509,19,White,Unknown,1794.0,2.995732273553991
201379517004,39.802553,-99.8904453,19,Unknown,Unknown,1033.0,2.995732273553991
200910537091,38.8117181,-94.9376316,19,White,Not Hispanic or Latino,1908.0,2.995732273553991
200910534301,38.8329262,-94.6398988,19,Unknown,Unknown,2326.0,2.995732273553991
201259513001,37.0403836,-95.9391739,19,White,Not Hispanic or Latino,975.0,2.995732273553991
201211002001,38.7314267,-94.8255828,19,White,Not Hispanic or Latino,1891.0,2.995732273553991
201730101151,37.721921,-97.1877763,19,Unknown,Unknown,3923.0,2.995732273553991
200910529063,38.8920686,-94.813119,19,White,Not Hispanic or Latino,2474.0,2.995732273553991
200910534254,38.8475002,-94.7470464,19,Unknown,Unknown,1927.0,2.995732273553991
200790306021,38.0140357,-97.5186687,19,White,Not Hispanic or Latino,1228.0,2.995732273553991
201679739002,39.0516397,-98.7331259,19,Unknown,Unknown,829.0,2.995732273553991
200910526135,39.0187295,-94.8312631,19,Unknown,Not Hispanic or Latino,1564.0,2.995732273553991
200910527013,38.9684436,-94.9313676,19,White,Not Hispanic or Latino,1286.0,2.995732273553991
200895763003,39.8829624,-98.2015062,19,White,Unknown,1042.0,2.995732273553991
200910538032,38.8037338,-94.6420763,19,Unknown,Unknown,1760.0,2.995732273553991
200910519042,38.9457347,-94.7184054,19,Unknown,Unknown,1246.0,2.995732273553991
200910519072,38.9746096,-94.6979282,19,White,Not Hispanic or Latino,1467.0,2.995732273553991
200790302002,38.0510782,-97.3654375,19,White,Not Hispanic or Latino,1329.0,2.995732273553991
201030705003,39.2929407,-94.9017657,19,White,Not Hispanic or Latino,993.0,2.995732273553991
200910538013,38.7455347,-94.8325187,19,White,Not Hispanic or Latino,2046.0,2.995732273553991
200910528073,38.9342863,-94.8343427,19,Unknown,Unknown,1538.0,2.995732273553991
200910523061,39.0288386,-94.7697209,19,White,Not Hispanic or Latino,1602.0,2.995732273553991
200910523062,39.0362701,-94.7654165,19,Unknown,Unknown,1969.0,2.995732273553991
201039819003,39.3392651,-94.9372468,19,Unknown,Unknown,1704.0,2.995732273553991
200910525051,38.9814786,-94.7779011,19,White,Not Hispanic or Latino,1450.0,2.995732273553991
201259506001,37.2165272,-95.6881248,18,White,Not Hispanic or Latino,701.0,2.9444389791664403
201039819006,39.3507704,-94.918905,18,Unknown,Unknown,1761.0,2.9444389791664403
201259506003,37.217058,-95.7081731,18,White,Not Hispanic or Latino,772.0,2.9444389791664403
200910524142,38.9752088,-94.7519193,18,Unknown,Unknown,2203.0,2.9444389791664403
201030710003,39.2281432,-94.9810671,18,Unknown,Unknown,823.0,2.9444389791664403
200910526111,38.9940917,-94.831446,18,Unknown,Unknown,1380.0,2.9444389791664403
201079551012,38.3244102,-94.9156207,18,Unknown,Unknown,1789.0,2.9444389791664403
200150202061,37.6862232,-97.1402988,18,White,Not Hispanic or Latino,2031.0,2.9444389791664403
200910535084,38.8648363,-94.7831545,18,Unknown,Unknown,1381.0,2.9444389791664403
201231767001,39.3523062,-98.3092365,18,Unknown,Unknown,727.0,2.9444389791664403
200910524192,38.989708,-94.7362018,18,Unknown,Unknown,1864.0,2.9444389791664403
201137881001,38.5077367,-97.4962021,18,White,Not Hispanic or Latino,881.0,2.9444389791664403
201211006015,38.5753003,-94.8754062,18,White,Not Hispanic or Latino,1342.0,2.9444389791664403
200910526091,38.9758772,-94.8858162,18,White,Unknown,1970.0,2.9444389791664403
201690009003,38.8234759,-97.6098258,18,White,Not Hispanic or Latino,867.0,2.9444389791664403
200354935002,37.2426938,-96.9838816,18,White,Not Hispanic or Latino,1169.0,2.9444389791664403
200910536033,38.8763999,-94.8809447,18,White,Not Hispanic or Latino,1624.0,2.9444389791664403
201339518002,37.6785164,-95.4642829,18,White,Not Hispanic or Latino,902.0,2.9444389791664403
200910530133,38.9212692,-94.7107719,18,White,Not Hispanic or Latino,1403.0,2.9444389791664403
200910534233,38.8579376,-94.6949871,18,Unknown,Unknown,1507.0,2.9444389791664403
201730095071,37.7005993,-97.4897439,18,Unknown,Unknown,2016.0,2.9444389791664403
201730095062,37.7155525,-97.4771406,18,Unknown,Unknown,2407.0,2.9444389791664403
200099716001,38.3735236,-98.7790264,18,Unknown,Unknown,890.0,2.9444389791664403
200910532021,38.9054699,-94.653911,18,White,Unknown,1944.0,2.9444389791664403
200790301004,38.0746118,-97.327627,18,White,Not Hispanic or Latino,1922.0,2.9444389791664403
201834759001,39.8932591,-98.7898788,18,Unknown,Unknown,678.0,2.9444389791664403
201690012002,38.6605995,-97.4804215,18,Unknown,Not Hispanic or Latino,806.0,2.9444389791664403
201430857002,39.2164349,-97.8059863,18,White,Unknown,740.0,2.9444389791664403
200910534132,38.8621899,-94.6545732,18,Unknown,Unknown,2068.0,2.9444389791664403
200354937002,37.0944645,-97.0347377,17,White,Not Hispanic or Latino,2030.0,2.8903717578961645
201339520001,37.5053192,-95.3238302,17,Unknown,Not Hispanic or Latino,1399.0,2.8903717578961645
200910522022,39.0366555,-94.719247,17,White,Not Hispanic or Latino,1521.0,2.8903717578961645
200910537111,38.8618269,-94.8901708,17,Unknown,Unknown,2325.0,2.8903717578961645
200150205003,37.813751,-96.8706926,17,Unknown,Not Hispanic or Latino,1481.0,2.8903717578961645
200910519121,38.9674948,-94.706972,17,Unknown,Unknown,1679.0,2.8903717578961645
201259503001,37.2485335,-95.7027671,17,White,Not Hispanic or Latino,909.0,2.8903717578961645
200910536042,38.8798491,-94.8483966,17,White,Unknown,1586.0,2.8903717578961645
200910534271,38.847402,-94.7144305,17,Unknown,Unknown,1760.0,2.8903717578961645
200910534131,38.8615352,-94.6637638,17,White,Not Hispanic or Latino,2014.0,2.8903717578961645
200910534111,38.8514551,-94.6565641,17,Unknown,Unknown,1696.0,2.8903717578961645
202090440022,39.0824368,-94.7522921,17,White,Not Hispanic or Latino,1840.0,2.8903717578961645
201639747001,39.2088525,-99.3399534,17,Unknown,Unknown,734.0,2.8903717578961645
200099717001,38.3628322,-98.7606305,17,Unknown,Unknown,1399.0,2.8903717578961645
200910504003,39.0224109,-94.6847126,17,White,Not Hispanic or Latino,1479.0,2.8903717578961645
201730102022,37.8685803,-97.2993129,17,Unknown,Unknown,1783.0,2.8903717578961645
201137883003,38.5712907,-97.792397,17,White,Not Hispanic or Latino,862.0,2.8903717578961645
200150202052,37.7326571,-96.8507018,17,Unknown,Unknown,2143.0,2.8903717578961645
201359563002,38.4653396,-99.9462386,17,Unknown,Unknown,732.0,2.8903717578961645
201719571003,38.4607101,-100.9455148,17,Unknown,Unknown,1167.0,2.8903717578961645
201550011001,38.1323692,-97.9160943,17,White,Not Hispanic or Latino,2137.0,2.8903717578961645
201259514001,37.0305594,-95.5690032,17,White,Not Hispanic or Latino,1127.0,2.8903717578961645
201550010001,38.0623344,-97.8990927,17,Unknown,Unknown,998.0,2.8903717578961645
200019529002,37.9196268,-95.3938351,17,White,Not Hispanic or Latino,591.0,2.8903717578961645
200639553003,38.9248032,-100.6341952,17,White,Not Hispanic or Latino,1046.0,2.8903717578961645
200579618012,37.7741083,-100.004726,17,Unknown,Unknown,1484.0,2.8903717578961645
201359563004,38.4959183,-100.0955276,17,Unknown,Unknown,633.0,2.8903717578961645
201730095102,37.6860864,-97.4896668,17,Unknown,Unknown,2614.0,2.8903717578961645
200530866001,38.6041948,-98.3379904,17,Unknown,Unknown,858.0,2.8903717578961645
201730100012,37.6940941,-97.1621551,17,Unknown,Unknown,2698.0,2.8903717578961645
200099718011,38.3993501,-98.7375645,17,Unknown,Unknown,1080.0,2.8903717578961645
201730101111,37.7718872,-97.2520799,17,White,Not Hispanic or Latino,2970.0,2.8903717578961645
200910531081,38.9078251,-94.698162,17,White,Not Hispanic or Latino,2144.0,2.8903717578961645
200910526061,39.0197684,-94.8621145,16,White,Not Hispanic or Latino,1992.0,2.833213344056216
200790304001,38.0276087,-97.3348831,16,White,Not Hispanic or Latino,1564.0,2.833213344056216
200790306013,37.9268737,-97.4271003,16,Unknown,Unknown,1433.0,2.833213344056216
202090441041,39.1224326,-94.7457291,16,White,Not Hispanic or Latino,1680.0,2.833213344056216
200579619021,37.7932406,-100.0697034,16,Unknown,Unknown,1861.0,2.833213344056216
200910522013,39.0367085,-94.7017261,16,Unknown,Unknown,1784.0,2.833213344056216
201834758001,39.777844,-98.813868,16,Unknown,Unknown,836.0,2.833213344056216
202090448071,39.0909559,-94.8688314,16,White,Not Hispanic or Latino,953.0,2.833213344056216
200790303002,38.0294932,-97.3932313,16,White,Not Hispanic or Latino,1675.0,2.833213344056216
201939531001,39.4240686,-101.0163118,16,White,Not Hispanic or Latino,1043.0,2.833213344056216
200479696001,37.868754,-99.1312356,16,Unknown,Unknown,811.0,2.833213344056216
200099712001,38.580312,-98.8958016,16,Unknown,Unknown,755.0,2.833213344056216
200150205004,37.8065184,-96.8709863,16,White,Not Hispanic or Latino,1004.0,2.833213344056216
202090447022,39.0556718,-94.8187113,16,White,Not Hispanic or Latino,1342.0,2.833213344056216
200150203002,37.8294691,-96.8547557,16,White,Not Hispanic or Latino,1261.0,2.833213344056216
201730105001,37.7805964,-97.5356164,16,Unknown,Unknown,2595.0,2.833213344056216
200150202101,37.6721508,-97.1261166,16,White,Not Hispanic or Latino,1582.0,2.833213344056216
201730077012,37.7329582,-97.2913228,16,Unknown,Not Hispanic or Latino,1338.0,2.833213344056216
201730055022,37.5569583,-97.3396668,16,White,Not Hispanic or Latino,2248.0,2.833213344056216
201719571001,38.4823974,-100.9062632,16,Unknown,Unknown,887.0,2.833213344056216
202090449004,39.0615498,-94.8924794,16,White,Not Hispanic or Latino,1683.0,2.833213344056216
200910526083,38.9467957,-94.8369444,16,Unknown,Unknown,2299.0,2.833213344056216
200910529051,38.9075996,-94.7864429,16,White,Not Hispanic or Latino,2828.0,2.833213344056216
200910533013,38.92289,-94.6188225,16,Unknown,Unknown,1293.0,2.833213344056216
200910534032,38.8765041,-94.7464738,16,White,Not Hispanic or Latino,1609.0,2.833213344056216
200910534231,38.8626512,-94.7105317,16,Unknown,Unknown,1936.0,2.833213344056216
200910534272,38.8381223,-94.7317361,16,Unknown,Unknown,1837.0,2.833213344056216
201339517001,37.7064268,-95.4444197,16,White,Not Hispanic or Latino,561.0,2.833213344056216
200910535073,38.8571059,-94.7669319,16,Unknown,Unknown,922.0,2.833213344056216
201211006016,38.5847633,-94.8659478,16,White,Not Hispanic or Latino,1468.0,2.833213344056216
201211001004,38.6798322,-94.9980441,16,White,Not Hispanic or Latino,1442.0,2.833213344056216
200910530041,38.9311842,-94.7304626,16,Unknown,Unknown,1844.0,2.833213344056216
200910529102,38.9184411,-94.8076376,16,White,Not Hispanic or Latino,1997.0,2.833213344056216
200910538044,38.7701727,-94.7169826,16,Unknown,Unknown,1499.0,2.833213344056216
201030703003,39.314081,-94.9475975,16,White,Not Hispanic or Latino,893.0,2.833213344056216
200910529052,38.8946021,-94.7931403,16,White,Not Hispanic or Latino,1761.0,2.833213344056216
201211005003,38.5717735,-94.7685876,16,Unknown,Unknown,1463.0,2.833213344056216
201030712023,39.0689266,-94.9610053,16,White,Not Hispanic or Latino,1079.0,2.833213344056216
200910526133,39.0221833,-94.8462344,16,Unknown,Unknown,1939.0,2.833213344056216
200910528051,38.8923336,-94.8577621,16,Unknown,Not Hispanic or Latino,1907.0,2.833213344056216
200910526132,39.0115906,-94.8471425,16,White,Not Hispanic or Latino,907.0,2.833213344056216
201730095131,37.7125744,-97.435172,15,White,Not Hispanic or Latino,2534.0,2.772588722239781
201719571004,38.4787856,-100.9113147,15,Unknown,Unknown,975.0,2.772588722239781
200910529043,38.9088524,-94.8023523,15,White,Not Hispanic or Latino,1305.0,2.772588722239781
200399513001,39.8190159,-100.5634672,15,White,Not Hispanic or Latino,728.0,2.772588722239781
200910535091,38.8425636,-94.7924185,15,Unknown,Unknown,942.0,2.772588722239781
201259501001,37.3091282,-95.8425296,15,White,Not Hispanic or Latino,993.0,2.772588722239781
201259503002,37.2342936,-95.7134084,15,White,Not Hispanic or Latino,1120.0,2.772588722239781
200579618022,37.8030826,-99.9679261,15,Unknown,Unknown,1465.0,2.772588722239781
200639553002,39.059918,-100.2505522,15,Unknown,Unknown,973.0,2.772588722239781
201550003002,38.0895189,-97.9291725,15,White,Not Hispanic or Latino,961.0,2.772588722239781
200910534273,38.8328406,-94.7144768,15,Unknown,Not Hispanic or Latino,3162.0,2.772588722239781
201339516004,37.6759886,-95.3488957,15,White,Not Hispanic or Latino,826.0,2.772588722239781
201079551023,38.3658832,-94.7642875,15,White,Not Hispanic or Latino,919.0,2.772588722239781
201211003003,38.6281134,-94.6852042,15,White,Not Hispanic or Latino,995.0,2.772588722239781
201030711051,39.2449854,-94.9096637,15,White,Not Hispanic or Latino,1388.0,2.772588722239781
201379517002,39.8521347,-99.9015382,15,Unknown,Unknown,786.0,2.772588722239781
202090449001,39.068947,-94.8889506,15,White,Not Hispanic or Latino,1037.0,2.772588722239781
200910534211,38.8783915,-94.7378772,15,Unknown,Unknown,2493.0,2.772588722239781
200910503021,39.0212509,-94.6495754,15,White,Not Hispanic or Latino,1103.0,2.772588722239781
200910534171,38.8619441,-94.6818345,15,Unknown,Unknown,2164.0,2.772588722239781
200910517002,38.9485496,-94.6174758,15,Unknown,Unknown,2201.0,2.772588722239781
200910520043,39.0040247,-94.7023116,15,White,Not Hispanic or Latino,1686.0,2.772588722239781
200910534093,38.8766935,-94.6208717,15,Unknown,Unknown,1984.0,2.772588722239781
201730101152,37.7121387,-97.1896983,15,Unknown,Unknown,2816.0,2.772588722239781
200910526101,39.0367481,-94.8370217,15,White,Not Hispanic or Latino,1979.0,2.772588722239781
200910531092,38.8895373,-94.6807283,15,White,Not Hispanic or Latino,1989.0,2.772588722239781
201730108021,37.7495488,-97.2655603,15,Unknown,Not Hispanic or Latino,1703.0,2.772588722239781
201211005004,38.5152168,-94.836201,15,Unknown,Unknown,714.0,2.772588722239781
201730105002,37.7803086,-97.6444767,15,Unknown,Unknown,1991.0,2.772588722239781
200910524112,38.9891464,-94.751634,15,Unknown,Unknown,1293.0,2.772588722239781
202090447021,39.0847616,-94.8190413,15,White,Not Hispanic or Latino,1951.0,2.772588722239781
200910524222,38.9456858,-94.7282192,15,Unknown,Unknown,1353.0,2.772588722239781
200910530061,38.9237942,-94.7468688,15,Unknown,Unknown,1539.0,2.772588722239781
201854707002,37.9925877,-98.7572331,15,Unknown,Unknown,1261.0,2.772588722239781
200910528041,38.9203035,-94.8715834,15,Unknown,Not Hispanic or Latino,1896.0,2.772588722239781
202090433011,39.0493743,-94.6356797,15,Unknown,Unknown,1445.0,2.772588722239781
200150201011,38.0156574,-96.8794342,15,White,Not Hispanic or Latino,1164.0,2.772588722239781
200999503001,37.3624627,-95.3098517,15,White,Not Hispanic or Latino,1073.0,2.772588722239781
201039819004,39.3496267,-94.9312954,15,Unknown,Unknown,1594.0,2.772588722239781
201030704001,39.3129355,-94.9196702,15,White,Not Hispanic or Latino,663.0,2.772588722239781
200910525021,39.0184267,-94.8023418,15,White,Unknown,1641.0,2.772588722239781
200910535592,38.8364893,-94.792704,15,Unknown,Not Hispanic or Latino,1674.0,2.772588722239781
200099712002,38.3523568,-98.9549278,14,Unknown,Unknown,757.0,2.70805020110221
201359563001,38.4631604,-99.8845131,14,Unknown,Unknown,672.0,2.70805020110221
200910534263,38.8627789,-94.7469373,14,Unknown,Unknown,1941.0,2.70805020110221
200910538012,38.8038315,-94.8480278,14,Unknown,Not Hispanic or Latino,1246.0,2.70805020110221
200790302004,38.0516307,-97.3486017,14,Unknown,Unknown,618.0,2.70805020110221
200910519111,38.9893801,-94.6957563,14,White,Not Hispanic or Latino,1982.0,2.70805020110221
200099711003,38.3632286,-98.5922049,14,Unknown,Unknown,1082.0,2.70805020110221
200099711002,38.3559838,-98.5571048,14,Unknown,Unknown,1001.0,2.70805020110221
200910518053,38.9366201,-94.6580804,14,White,Not Hispanic or Latino,1540.0,2.70805020110221
200099714002,38.3724859,-98.7650655,14,Unknown,Unknown,1276.0,2.70805020110221
200910522021,39.0366851,-94.709911,14,White,Not Hispanic or Latino,1912.0,2.70805020110221
202090449002,39.054056,-94.8903654,14,White,Not Hispanic or Latino,891.0,2.70805020110221
200910533021,38.8940209,-94.6353065,14,Unknown,Unknown,2103.0,2.70805020110221
200910523073,39.0064669,-94.7533367,14,White,Not Hispanic or Latino,1792.0,2.70805020110221
201050861003,38.9540719,-98.3231783,14,Unknown,Unknown,654.0,2.70805020110221
200790302003,38.0624504,-97.3621202,14,Unknown,Not Hispanic or Latino,1610.0,2.70805020110221
201339516005,37.5762941,-95.2735098,14,White,Not Hispanic or Latino,672.0,2.70805020110221
200910537032,38.8037365,-94.9113057,14,White,Not Hispanic or Latino,1509.0,2.70805020110221
201211007006,38.4946769,-94.9894513,14,White,Not Hispanic or Latino,1110.0,2.70805020110221
200150204001,37.818138,-96.8498373,14,White,Not Hispanic or Latino,1074.0,2.70805020110221
201730103025,37.7596761,-97.4674305,14,Unknown,Unknown,3482.0,2.70805020110221
200150202042,37.722004,-96.9616281,14,White,Not Hispanic or Latino,1408.0,2.70805020110221
200150206011,37.7675409,-97.107507,14,White,Not Hispanic or Latino,1627.0,2.70805020110221
200150207002,37.7077598,-96.9809107,14,Unknown,Unknown,1363.0,2.70805020110221
200150208002,37.6777723,-96.9767118,14,White,Not Hispanic or Latino,1717.0,2.70805020110221
201211006012,38.554652,-94.8811686,14,White,Not Hispanic or Latino,1302.0,2.70805020110221
200119559002,37.8190038,-94.6854168,14,White,Not Hispanic or Latino,1182.0,2.70805020110221
201211007005,38.4965213,-94.9610269,14,White,Not Hispanic or Latino,650.0,2.70805020110221
200910535095,38.8474643,-94.8066226,14,White,Not Hispanic or Latino,1319.0,2.70805020110221
200099716004,38.3591177,-98.7840299,14,Unknown,Unknown,992.0,2.70805020110221
200790302001,38.0618539,-97.3506339,14,White,Not Hispanic or Latino,1085.0,2.70805020110221
200910535591,38.8239844,-94.7878284,14,Unknown,Unknown,1931.0,2.70805020110221
200450004001,38.9580365,-95.2472234,14,Unknown,Not Hispanic or Latino,1583.0,2.70805020110221
200910535085,38.8577943,-94.7838204,14,White,Not Hispanic or Latino,1358.0,2.70805020110221
200910535602,38.8331355,-94.766277,14,Unknown,Unknown,1206.0,2.70805020110221
200910536032,38.8399686,-94.8439058,14,White,Not Hispanic or Latino,1344.0,2.70805020110221
201137886001,38.3546565,-97.6426017,14,Unknown,Unknown,1699.0,2.70805020110221
201939531004,39.3920194,-101.0488181,14,Unknown,Unknown,852.0,2.70805020110221
201339516003,37.5666848,-95.1628718,14,White,Not Hispanic or Latino,748.0,2.70805020110221
201939534001,39.3476677,-100.8787064,14,Unknown,Unknown,970.0,2.70805020110221
201211004004,38.6135677,-94.6668548,14,Unknown,Not Hispanic or Latino,1416.0,2.70805020110221
200354934001,37.2258743,-97.0009628,14,White,Not Hispanic or Latino,1353.0,2.70805020110221
201030711022,39.2449999,-94.8556683,14,White,Not Hispanic or Latino,2257.0,2.70805020110221
201550001003,38.080762,-97.8965634,14,White,Not Hispanic or Latino,1672.0,2.70805020110221
200910528052,38.9036422,-94.8910594,14,White,Not Hispanic or Latino,1320.0,2.70805020110221
201730081003,37.7782187,-97.3648157,14,White,Not Hispanic or Latino,1713.0,2.70805020110221
201730010004,37.6983218,-97.2786116,14,Unknown,Not Hispanic or Latino,679.0,2.70805020110221
201550012002,38.0761135,-97.9763181,14,White,Not Hispanic or Latino,2153.0,2.70805020110221
200910530105,38.8881809,-94.7278537,14,Unknown,Unknown,1329.0,2.70805020110221
200910527015,38.9792929,-94.9446744,14,White,Not Hispanic or Latino,1256.0,2.70805020110221
200910526122,39.0333454,-94.8468573,14,Unknown,Unknown,1815.0,2.70805020110221
200910526121,39.0405086,-94.8473584,14,White,Not Hispanic or Latino,1300.0,2.70805020110221
201599671002,38.4382575,-98.346837,14,Unknown,Unknown,939.0,2.70805020110221
200910529081,38.8879822,-94.7696431,14,White,Not Hispanic or Latino,1955.0,2.70805020110221
201730102011,37.8304941,-97.369437,14,White,Not Hispanic or Latino,2151.0,2.70805020110221
201730102013,37.8451242,-97.3779766,14,Unknown,Unknown,2224.0,2.70805020110221
201730096031,37.6226645,-97.4128006,14,White,Not Hispanic or Latino,2765.0,2.70805020110221
200910524183,38.9888405,-94.718496,14,Black or African American,Not Hispanic or Latino,1541.0,2.70805020110221
200910524151,38.9637443,-94.7653112,14,Unknown,Unknown,2009.0,2.70805020110221
200910530073,38.9010581,-94.7503343,14,Unknown,Not Hispanic or Latino,1094.0,2.70805020110221
201730093013,37.7047163,-97.4154626,13,Unknown,Unknown,1905.0,2.6390573296152584
200910534302,38.8474428,-94.6398117,13,Unknown,Unknown,2570.0,2.6390573296152584
200499651002,37.4875437,-96.2829579,13,White,Not Hispanic or Latino,644.0,2.6390573296152584
201259503004,37.2507539,-95.740079,13,White,Not Hispanic or Latino,1088.0,2.6390573296152584
200910535081,38.8603162,-94.8032949,13,White,Not Hispanic or Latino,1066.0,2.6390573296152584
200910535071,38.8652431,-94.7742289,13,Unknown,Unknown,1632.0,2.6390573296152584
200910528042,38.9354838,-94.8719532,13,Unknown,Unknown,1257.0,2.6390573296152584
201259508001,37.0442309,-95.6815346,13,White,Not Hispanic or Latino,1555.0,2.6390573296152584
200019530001,37.8335585,-95.4531189,13,White,Not Hispanic or Latino,743.0,2.6390573296152584
201730095042,37.7119778,-97.4515997,13,White,Not Hispanic or Latino,1572.0,2.6390573296152584
200910524111,38.996189,-94.7513265,13,Unknown,Unknown,1794.0,2.6390573296152584
200559601002,37.9992745,-101.023826,13,White,Not Hispanic or Latino,2634.0,2.6390573296152584
201259510001,37.0361362,-95.6239003,13,White,Not Hispanic or Latino,916.0,2.6390573296152584
200530867002,38.7219056,-98.2327247,13,Unknown,Unknown,771.0,2.6390573296152584
200354938004,37.0971374,-97.0743876,13,White,Not Hispanic or Latino,1722.0,2.6390573296152584
201550003004,38.0815821,-97.9507627,13,Unknown,Not Hispanic or Latino,1969.0,2.6390573296152584
201814537003,39.3454535,-101.7213044,13,Unknown,Unknown,758.0,2.6390573296152584
200910537121,38.7915048,-94.9206828,13,White,Not Hispanic or Latino,1204.0,2.6390573296152584
200910524152,38.9640627,-94.7726713,13,White,Not Hispanic or Latino,1533.0,2.6390573296152584
200099716003,38.3680095,-98.7835602,13,Unknown,Unknown,1231.0,2.6390573296152584
200910530104,38.8948268,-94.735894,13,Unknown,Unknown,836.0,2.6390573296152584
200910537122,38.8020073,-94.9344519,13,White,Not Hispanic or Latino,1552.0,2.6390573296152584
200910530071,38.9092178,-94.7559663,13,White,Not Hispanic or Latino,1319.0,2.6390573296152584
200910530062,38.916508,-94.7558792,13,White,Not Hispanic or Latino,1491.0,2.6390573296152584
200910538014,38.7596566,-94.8227854,13,White,Not Hispanic or Latino,1114.0,2.6390573296152584
201211002003,38.7045599,-94.7551819,13,Unknown,Unknown,1175.0,2.6390573296152584
201211003001,38.6800831,-94.644987,13,Unknown,Unknown,1297.0,2.6390573296152584
200910538042,38.8144836,-94.7049807,13,Some Other Race,Unknown,2018.0,2.6390573296152584
201211004002,38.6125569,-94.6868136,13,Unknown,Unknown,947.0,2.6390573296152584
202090441022,39.1131207,-94.7695633,13,White,Not Hispanic or Latino,1676.0,2.6390573296152584
201211006011,38.5662431,-94.8640469,13,White,Not Hispanic or Latino,748.0,2.6390573296152584
201550015001,38.1476664,-97.8649556,13,White,Not Hispanic or Latino,916.0,2.6390573296152584
200910524161,38.963811,-94.7566237,13,White,Not Hispanic or Latino,1995.0,2.6390573296152584
201730101162,37.8441503,-97.2077965,13,Unknown,Unknown,2589.0,2.6390573296152584
202090442021,39.1372476,-94.7521948,13,Black or African American,Not Hispanic or Latino,1600.0,2.6390573296152584
201474753003,39.7338714,-99.3086916,13,Unknown,Unknown,704.0,2.6390573296152584
200910531102,38.8955347,-94.6948254,13,Unknown,Unknown,1838.0,2.6390573296152584
201030707004,39.286101,-94.9322971,13,White,Not Hispanic or Latino,814.0,2.6390573296152584
200910519021,38.967126,-94.6900567,13,Unknown,Not Hispanic or Latino,956.0,2.6390573296152584
202090447033,39.1189772,-94.8430599,13,White,Not Hispanic or Latino,964.0,2.6390573296152584
200910512003,38.9813772,-94.6807741,13,White,Not Hispanic or Latino,1670.0,2.6390573296152584
201730101082,37.7302853,-97.231496,13,Unknown,Unknown,1057.0,2.6390573296152584
200910523043,39.0037634,-94.7331158,13,Unknown,Unknown,1578.0,2.6390573296152584
201730095153,37.7297901,-97.4718565,13,Unknown,Unknown,2901.0,2.6390573296152584
201730100074,37.569293,-97.2493983,12,White,Not Hispanic or Latino,2183.0,2.5649493574615367
201599671001,38.4383577,-98.0571513,12,Unknown,Not Hispanic or Latino,1231.0,2.5649493574615367
200150202081,37.7010856,-97.1256754,12,Unknown,Not Hispanic or Latino,1459.0,2.5649493574615367
200910518065,38.9370582,-94.6443578,12,White,Not Hispanic or Latino,1227.0,2.5649493574615367
202090442014,39.1322008,-94.7800853,12,White,Not Hispanic or Latino,1280.0,2.5649493574615367
200079681002,37.2680906,-98.5853523,12,White,Unknown,1046.0,2.5649493574615367
200119560003,37.8286222,-94.7064909,12,White,Not Hispanic or Latino,986.0,2.5649493574615367
200910529084,38.8902533,-94.7844075,12,White,Not Hispanic or Latino,1107.0,2.5649493574615367
200910516001,38.9812828,-94.61635,12,Unknown,Unknown,1076.0,2.5649493574615367
200150207001,37.6950266,-96.9612238,12,White,Not Hispanic or Latino,1358.0,2.5649493574615367
200910533011,38.9090233,-94.6238609,12,Unknown,Unknown,2494.0,2.5649493574615367
201550005005,38.0634824,-97.9362364,12,White,Not Hispanic or Latino,958.0,2.5649493574615367
200999501002,37.335687,-95.2539304,12,White,Not Hispanic or Latino,1289.0,2.5649493574615367
200150209013,37.6212631,-97.1349891,12,Unknown,Unknown,1551.0,2.5649493574615367
200150209023,37.5776644,-97.1260249,12,White,Not Hispanic or Latino,1544.0,2.5649493574615367
201550005002,38.0751736,-97.9363426,12,White,Not Hispanic or Latino,1028.0,2.5649493574615367
200910531022,38.9305468,-94.6776721,12,Unknown,Unknown,615.0,2.5649493574615367
201730101112,37.7744853,-97.2715445,12,Unknown,Unknown,1367.0,2.5649493574615367
200910524224,38.938286,-94.73172,12,Unknown,Unknown,1626.0,2.5649493574615367
200119558001,37.8314672,-94.7469485,12,White,Not Hispanic or Latino,1793.0,2.5649493574615367
201137883001,38.2558236,-97.8441255,12,Unknown,Unknown,769.0,2.5649493574615367
201854706001,38.0545158,-98.617875,12,Unknown,Not Hispanic or Latino,781.0,2.5649493574615367
200910531101,38.8884673,-94.6942049,12,Unknown,Unknown,2007.0,2.5649493574615367
201154896002,38.3605151,-97.1824773,12,White,Not Hispanic or Latino,955.0,2.5649493574615367
200910536041,38.8805383,-94.8392527,12,White,Not Hispanic or Latino,854.0,2.5649493574615367
200910537051,38.8023687,-94.9046794,12,White,Not Hispanic or Latino,1706.0,2.5649493574615367
200910523081,39.018373,-94.751821,12,White,Not Hispanic or Latino,1071.0,2.5649493574615367
200910530083,38.9034657,-94.7324565,12,White,Not Hispanic or Latino,1430.0,2.5649493574615367
200910530091,38.9055477,-94.7144255,12,Unknown,Unknown,2007.0,2.5649493574615367
200099715002,38.3701938,-98.8011664,12,Unknown,Unknown,1045.0,2.5649493574615367
200910523051,39.0403915,-94.7386361,12,Unknown,Unknown,1724.0,2.5649493574615367
200099716002,38.3734568,-98.7882286,12,Unknown,Not Hispanic or Latino,814.0,2.5649493574615367
201730101153,37.7253058,-97.2180388,12,Unknown,Unknown,2052.0,2.5649493574615367
201679738005,38.8921809,-98.850545,12,Unknown,Unknown,688.0,2.5649493574615367
200910535104,38.850216,-94.7756408,12,White,Not Hispanic or Latino,1466.0,2.5649493574615367
200910535102,38.8506165,-94.7668545,12,Unknown,Not Hispanic or Latino,1824.0,2.5649493574615367
201730101113,37.7597713,-97.2744151,12,Unknown,Not Hispanic or Latino,2528.0,2.5649493574615367
201599673001,38.1953749,-98.1968702,12,White,Not Hispanic or Latino,1392.0,2.5649493574615367
200999502002,37.340172,-95.2615721,12,White,Not Hispanic or Latino,1240.0,2.5649493574615367
201030703004,39.3160251,-94.9282159,12,Unknown,Unknown,681.0,2.5649493574615367
201550004004,38.0650577,-97.9507906,12,White,Not Hispanic or Latino,1217.0,2.5649493574615367
200790305003,38.1275616,-97.3377801,12,Unknown,Unknown,2453.0,2.5649493574615367
201730095151,37.7288576,-97.4554761,12,Unknown,Unknown,1957.0,2.5649493574615367
201730096052,37.597055,-97.437234,12,Unknown,Unknown,3460.0,2.5649493574615367
201211007001,38.5203473,-94.9279624,12,White,Not Hispanic or Latino,724.0,2.5649493574615367
200559604042,38.029278,-100.8309949,12,Unknown,Unknown,2201.0,2.5649493574615367
200910528053,38.889339,-94.8656585,12,White,Not Hispanic or Latino,1687.0,2.5649493574615367
200790304005,38.0305467,-97.3157682,12,White,Not Hispanic or Latino,1088.0,2.5649493574615367
200579618021,37.7873593,-100.019476,12,Unknown,Not Hispanic or Latino,1802.0,2.5649493574615367
200910535083,38.8599986,-94.7926436,12,White,Not Hispanic or Latino,1304.0,2.5649493574615367
202090443032,39.1324153,-94.7246208,12,White,Not Hispanic or Latino,1504.0,2.5649493574615367
200910534311,38.8479412,-94.6205357,12,Unknown,Unknown,1519.0,2.5649493574615367
200910534232,38.8647509,-94.6956841,12,Unknown,Unknown,1993.0,2.5649493574615367
200639553001,38.9019265,-100.3098454,12,Unknown,Unknown,699.0,2.5649493574615367
201730095061,37.7155549,-97.4678352,12,Unknown,Unknown,2312.0,2.5649493574615367
201539506001,39.7883783,-101.0179649,12,Unknown,Unknown,1382.0,2.5649493574615367
200910534281,38.8327667,-94.6957644,12,Unknown,Unknown,2134.0,2.5649493574615367
201730095132,37.7197016,-97.4354359,12,Unknown,Unknown,2114.0,2.5649493574615367
200910526092,38.9639081,-94.8623533,12,White,Not Hispanic or Latino,1564.0,2.5649493574615367
200679637004,37.5621598,-101.3345462,12,White,Not Hispanic or Latino,2416.0,2.5649493574615367
201039819001,39.3498329,-94.9424919,12,Unknown,Not Hispanic or Latino,1291.0,2.5649493574615367
200910524173,38.9677731,-94.7317777,12,White,Not Hispanic or Latino,746.0,2.5649493574615367
200679637002,37.5992965,-101.3728621,12,Unknown,Unknown,1144.0,2.5649493574615367
200910503014,39.0397368,-94.6615123,12,White,Not Hispanic or Latino,1602.0,2.5649493574615367
201030712052,39.1305665,-94.9878299,12,Unknown,Unknown,721.0,2.5649493574615367
200379576011,37.3891313,-94.6521363,12,Unknown,Not Hispanic or Latino,1835.0,2.5649493574615367
201030702003,39.3239935,-94.9217766,12,White,Not Hispanic or Latino,645.0,2.5649493574615367
201211007007,38.4823495,-95.0161048,12,White,Not Hispanic or Latino,914.0,2.5649493574615367
201030707002,39.2983392,-94.9302829,12,White,Not Hispanic or Latino,920.0,2.5649493574615367
200910504002,39.0186008,-94.6723382,12,Unknown,Not Hispanic or Latino,1075.0,2.5649493574615367
201550003003,38.0831028,-97.9320108,12,Unknown,Not Hispanic or Latino,1414.0,2.5649493574615367
200354935003,37.2656285,-96.9451072,12,White,Not Hispanic or Latino,2111.0,2.5649493574615367
201519687002,37.6569925,-98.7628009,12,Unknown,Unknown,1391.0,2.5649493574615367
200019530004,37.7966495,-95.4321885,12,White,Not Hispanic or Latino,683.0,2.5649493574615367
200910529074,38.9072215,-94.7686203,12,Unknown,Not Hispanic or Latino,1507.0,2.5649493574615367
201939534002,39.3482304,-101.2326441,11,Unknown,Unknown,882.0,2.4849066497880004
202090440013,39.0959483,-94.7368951,11,Unknown,Not Hispanic or Latino,1184.0,2.4849066497880004
202090440011,39.0962221,-94.7791619,11,White,Not Hispanic or Latino,1049.0,2.4849066497880004
202090439032,39.1232665,-94.6823795,11,Black or African American,Not Hispanic or Latino,1465.0,2.4849066497880004
201030701002,39.3209038,-94.9171004,11,Unknown,Not Hispanic or Latino,788.0,2.4849066497880004
200910524193,38.9890816,-94.7264872,11,Unknown,Unknown,1525.0,2.4849066497880004
200910526112,38.9939888,-94.8477468,11,White,Not Hispanic or Latino,1063.0,2.4849066497880004
202090441011,39.1110588,-94.7509868,11,Black or African American,Not Hispanic or Latino,1125.0,2.4849066497880004
201030711052,39.2632431,-94.9092855,11,White,Not Hispanic or Latino,747.0,2.4849066497880004
200910529042,38.9016316,-94.80176,11,Unknown,Unknown,1437.0,2.4849066497880004
200019530002,37.8231983,-95.4331958,11,Unknown,Unknown,675.0,2.4849066497880004
200019527002,37.907415,-95.3446262,11,White,Not Hispanic or Latino,957.0,2.4849066497880004
200999501001,37.3495139,-95.2244118,11,White,Not Hispanic or Latino,1572.0,2.4849066497880004
202090437002,39.065771,-94.6876753,11,Unknown,Unknown,1239.0,2.4849066497880004
202090446011,39.1562981,-94.7466103,11,White,Not Hispanic or Latino,1034.0,2.4849066497880004
201099546002,39.1253237,-100.8604993,11,Unknown,Not Hispanic or Latino,826.0,2.4849066497880004
201079551011,38.2254209,-94.8350293,11,White,Not Hispanic or Latino,991.0,2.4849066497880004
201079552001,38.1097515,-94.9483492,11,White,Not Hispanic or Latino,776.0,2.4849066497880004
201030712053,39.1734398,-94.9995792,11,White,Not Hispanic or Latino,925.0,2.4849066497880004
200910529103,38.9344625,-94.8068588,11,Unknown,Not Hispanic or Latino,752.0,2.4849066497880004
200910527021,38.9220933,-94.9288224,11,White,Not Hispanic or Latino,776.0,2.4849066497880004
202090448033,39.1795966,-94.8547583,11,Unknown,Not Hispanic or Latino,1100.0,2.4849066497880004
201730103024,37.784262,-97.3921059,11,Unknown,Unknown,2023.0,2.4849066497880004
201137885001,38.3697372,-97.6652984,11,Unknown,Unknown,903.0,2.4849066497880004
200559605031,37.9073973,-100.8235731,11,Unknown,Unknown,1148.0,2.4849066497880004
201259511002,37.0382901,-95.6350492,11,White,Not Hispanic or Latino,745.0,2.4849066497880004
201730095041,37.7170204,-97.458862,11,White,Not Hispanic or Latino,1466.0,2.4849066497880004
201339516002,37.6678949,-95.1871626,11,White,Not Hispanic or Latino,697.0,2.4849066497880004
200679637001,37.596386,-101.355151,11,White,Not Hispanic or Latino,1155.0,2.4849066497880004
200719581002,38.4804088,-101.8059926,11,Unknown,Unknown,634.0,2.4849066497880004
201730095072,37.7145086,-97.5440316,11,Unknown,Unknown,3287.0,2.4849066497880004
200910524104,38.9745763,-94.7662298,11,White,Not Hispanic or Latino,1499.0,2.4849066497880004
200779618002,37.1583851,-97.9964695,11,White,Not Hispanic or Latino,1471.0,2.4849066497880004
200790301003,38.0562293,-97.341516,11,White,Not Hispanic or Latino,944.0,2.4849066497880004
201730095101,37.6644217,-97.4896427,11,White,Not Hispanic or Latino,2315.0,2.4849066497880004
201539506002,39.7850394,-101.0782087,11,Unknown,Unknown,1179.0,2.4849066497880004
201379517001,39.8554942,-99.744794,11,Unknown,Unknown,1426.0,2.4849066497880004
200790304004,38.0391457,-97.335193,11,White,Not Hispanic or Latino,874.0,2.4849066497880004
201730098042,37.5398185,-97.2518785,11,White,Not Hispanic or Latino,2613.0,2.4849066497880004
200790306022,37.9922642,-97.5186492,11,White,Not Hispanic or Latino,1111.0,2.4849066497880004
200910534212,38.875263,-94.7303191,11,White,Not Hispanic or Latino,1680.0,2.4849066497880004
201730100021,37.6647489,-97.1804,11,Unknown,Unknown,2963.0,2.4849066497880004
200910502003,39.0331525,-94.6537132,11,White,Not Hispanic or Latino,1193.0,2.4849066497880004
201730100022,37.6939481,-97.180408,11,Unknown,Not Hispanic or Latino,2169.0,2.4849066497880004
201730100072,37.5702964,-97.2578115,11,White,Not Hispanic or Latino,891.0,2.4849066497880004
200910516003,38.9624057,-94.6226505,11,Unknown,Unknown,1976.0,2.4849066497880004
200910534153,38.8728067,-94.6720932,11,White,Not Hispanic or Latino,1731.0,2.4849066497880004
201474752001,39.8681443,-99.4831981,11,Unknown,Unknown,707.0,2.4849066497880004
201474752002,39.6466556,-99.4973332,11,Unknown,Unknown,655.0,2.4849066497880004
200910519092,38.9456473,-94.700108,11,Unknown,Unknown,1254.0,2.4849066497880004
200910531082,38.9013555,-94.6958529,11,Unknown,Unknown,2060.0,2.4849066497880004
200910523071,39.0041849,-94.7727208,11,White,Not Hispanic or Latino,1136.0,2.4849066497880004
200579617002,37.592815,-99.9455517,11,Unknown,Unknown,1077.0,2.4849066497880004
200559604041,37.9936895,-100.8602924,11,White,Not Hispanic or Latino,1996.0,2.4849066497880004
201137886002,38.372341,-97.6494208,11,White,Not Hispanic or Latino,1604.0,2.4849066497880004
201259508004,37.0872776,-95.647845,11,White,Not Hispanic or Latino,1276.0,2.4849066497880004
200910530074,38.9094748,-94.7467346,11,Unknown,Unknown,1267.0,2.4849066497880004
201137887003,38.2369963,-97.4559353,11,Unknown,Unknown,1933.0,2.4849066497880004
200910536044,38.8732369,-94.8392507,11,Unknown,Not Hispanic or Latino,2010.0,2.4849066497880004
201154898001,38.2320231,-97.160726,11,Unknown,Unknown,877.0,2.4849066497880004
201814537002,39.346102,-101.7114072,11,Unknown,Unknown,877.0,2.4849066497880004
201814536002,39.353611,-101.8853341,11,Unknown,Unknown,814.0,2.4849066497880004
200910535582,38.8326566,-94.8006101,11,White,Not Hispanic or Latino,1853.0,2.4849066497880004
200099718012,38.2998114,-98.7675921,11,Unknown,Unknown,791.0,2.4849066497880004
200910535093,38.8513752,-94.7846746,11,Unknown,Unknown,1482.0,2.4849066497880004
200119557001,37.8114204,-94.9374547,11,White,Not Hispanic or Latino,1240.0,2.4849066497880004
201599672004,38.3258935,-98.1743948,11,Unknown,Unknown,1227.0,2.4849066497880004
201599672001,38.3469597,-98.2023699,11,Unknown,Unknown,812.0,2.4849066497880004
200150202072,37.7158355,-97.1393853,11,White,Not Hispanic or Latino,1666.0,2.4849066497880004
201690012004,38.6973269,-97.799988,11,White,Not Hispanic or Latino,601.0,2.4849066497880004
200150205002,37.817643,-96.8881329,11,Unknown,Unknown,1276.0,2.4849066497880004
201550013001,38.0126183,-97.9233255,11,White,Not Hispanic or Latino,1438.0,2.4849066497880004
200150209011,37.6061101,-96.8615668,11,White,Not Hispanic or Latino,1192.0,2.4849066497880004
200354932001,37.3779194,-96.9491132,11,White,Not Hispanic or Latino,1332.0,2.4849066497880004
201211007004,38.4975092,-94.9544768,11,White,Not Hispanic or Latino,604.0,2.4849066497880004
200354936002,37.2368772,-96.9636104,11,White,Not Hispanic or Latino,1009.0,2.4849066497880004
200354936004,37.2328021,-96.9865483,11,White,Not Hispanic or Latino,770.0,2.4849066497880004
201730072082,37.6729878,-97.2139654,11,White,Not Hispanic or Latino,2414.0,2.4849066497880004
200379570002,37.4268727,-94.6835243,11,White,Not Hispanic or Latino,1830.0,2.4849066497880004
201730076003,37.6973536,-97.2626897,11,White,Not Hispanic or Latino,1182.0,2.4849066497880004
201730080003,37.7931319,-97.3286887,11,White,Not Hispanic or Latino,1268.0,2.4849066497880004
201730093031,37.6906743,-97.4352249,11,Unknown,Not Hispanic or Latino,1523.0,2.4849066497880004
201259508002,37.042026,-95.6482296,11,White,Not Hispanic or Latino,802.0,2.4849066497880004
201730055011,37.5689464,-97.3391619,11,White,Not Hispanic or Latino,1995.0,2.4849066497880004
